h,split,model,pred,actual,err
1,2017-04,Random walk (no change),0.0,0.0281903511283765,0.0281903511283765
1,2017-04,Drift (24m mean),0.0439696786861139,0.0281903511283765,-0.0157793275577374
1,2017-04,"ARIMA(1,1,1)",0.0903073750677663,0.0281903511283765,-0.0621170239393897
1,2017-04,Ridge,0.1084740518101725,0.0281903511283765,-0.0802837006817959
1,2017-04,SVR (RBF),0.1059207203150072,0.0281903511283765,-0.0777303691866307
1,2017-04,Random forest,0.1175224188126654,0.0281903511283765,-0.0893320676842888
1,2017-04,Gradient boosting,0.1709312666213308,0.0281903511283765,-0.1427409154929543
1,2017-06,Random walk (no change),0.0,0.2892817563291405,0.2892817563291405
1,2017-06,Drift (24m mean),0.0523179348615861,0.2892817563291405,0.2369638214675543
1,2017-06,"ARIMA(1,1,1)",0.0865551574059395,0.2892817563291405,0.202726598923201
1,2017-06,Ridge,-0.1713722411845412,0.2892817563291405,0.4606539975136818
1,2017-06,SVR (RBF),-0.0034265034524689,0.2892817563291405,0.2927082597816094
1,2017-06,Random forest,0.0357281619808276,0.2892817563291405,0.2535535943483128
1,2017-06,Gradient boosting,0.0084286281695866,0.2892817563291405,0.2808531281595539
1,2017-08,Random walk (no change),0.0,0.3545055626663629,0.3545055626663629
1,2017-08,Drift (24m mean),0.0812731931184991,0.3545055626663629,0.2732323695478637
1,2017-08,"ARIMA(1,1,1)",0.0441183895616177,0.3545055626663629,0.3103871731047452
1,2017-08,Ridge,0.1162713785120756,0.3545055626663629,0.2382341841542873
1,2017-08,SVR (RBF),-0.0457135450265635,0.3545055626663629,0.4002191076929264
1,2017-08,Random forest,0.1699465426220598,0.3545055626663629,0.184559020044303
1,2017-08,Gradient boosting,0.0732953599020681,0.3545055626663629,0.2812102027642947
1,2017-10,Random walk (no change),0.0,0.3062643224226669,0.3062643224226669
1,2017-10,Drift (24m mean),0.1277059683294723,0.3062643224226669,0.1785583540931945
1,2017-10,"ARIMA(1,1,1)",0.2641442099629785,0.3062643224226669,0.0421201124596883
1,2017-10,Ridge,0.0206263094733636,0.3062643224226669,0.2856380129493032
1,2017-10,SVR (RBF),0.0327236048545438,0.3062643224226669,0.273540717568123
1,2017-10,Random forest,0.0836911458802815,0.3062643224226669,0.2225731765423853
1,2017-10,Gradient boosting,-0.0805822764878019,0.3062643224226669,0.3868465989104688
1,2017-12,Random walk (no change),0.0,0.3798995483424328,0.3798995483424328
1,2017-12,Drift (24m mean),0.1724898795912569,0.3798995483424328,0.2074096687511758
1,2017-12,"ARIMA(1,1,1)",0.1440686586749393,0.3798995483424328,0.2358308896674934
1,2017-12,Ridge,0.3034611896367146,0.3798995483424328,0.0764383587057181
1,2017-12,SVR (RBF),0.1939895167549007,0.3798995483424328,0.185910031587532
1,2017-12,Random forest,0.2271396406729518,0.3798995483424328,0.1527599076694809
1,2017-12,Gradient boosting,0.1905086919940204,0.3798995483424328,0.1893908563484123
1,2018-02,Random walk (no change),0.0,0.8513513744693224,0.8513513744693224
1,2018-02,Drift (24m mean),0.2158536182783462,0.8513513744693224,0.6354977561909761
1,2018-02,"ARIMA(1,1,1)",0.1973715857960201,0.8513513744693224,0.6539797886733023
1,2018-02,Ridge,0.3856629936128781,0.8513513744693224,0.4656883808564442
1,2018-02,SVR (RBF),0.2844271234968211,0.8513513744693224,0.5669242509725012
1,2018-02,Random forest,0.1769593252966406,0.8513513744693224,0.6743920491726818
1,2018-02,Gradient boosting,0.1286790654822589,0.8513513744693224,0.7226723089870635
1,2018-04,Random walk (no change),0.0,0.463557166073425,0.463557166073425
1,2018-04,Drift (24m mean),0.2633376874657774,0.463557166073425,0.2002194786076476
1,2018-04,"ARIMA(1,1,1)",0.4483999546722543,0.463557166073425,0.0151572114011706
1,2018-04,Ridge,0.3503660920332748,0.463557166073425,0.1131910740401501
1,2018-04,SVR (RBF),0.3621895651947928,0.463557166073425,0.1013676008786322
1,2018-04,Random forest,0.4131859361216105,0.463557166073425,0.0503712299518145
1,2018-04,Gradient boosting,0.4230576341852692,0.463557166073425,0.0404995318881558
1,2018-06,Random walk (no change),0.0,0.4209744829516193,0.4209744829516193
1,2018-06,Drift (24m mean),0.3023815411055082,0.4209744829516193,0.118592941846111
1,2018-06,"ARIMA(1,1,1)",0.5939751772492059,0.4209744829516193,-0.1730006942975865
1,2018-06,Ridge,0.1556104400825464,0.4209744829516193,0.2653640428690729
1,2018-06,SVR (RBF),0.2781209786396215,0.4209744829516193,0.1428535043119977
1,2018-06,Random forest,0.2001568945756759,0.4209744829516193,0.2208175883759434
1,2018-06,Gradient boosting,-0.0167233337360919,0.4209744829516193,0.4376978166877112
1,2018-08,Random walk (no change),0.0,0.047165872149657,0.047165872149657
1,2018-08,Drift (24m mean),0.3193441637233192,0.047165872149657,-0.2721782915736622
1,2018-08,"ARIMA(1,1,1)",0.3599639365809253,0.047165872149657,-0.3127980644312682
1,2018-08,Ridge,0.1550498825588125,0.047165872149657,-0.1078840104091555
1,2018-08,SVR (RBF),0.1452480754743219,0.047165872149657,-0.0980822033246648
1,2018-08,Random forest,0.1993370253447583,0.047165872149657,-0.1521711531951013
1,2018-08,Gradient boosting,0.0771981428473544,0.047165872149657,-0.0300322706976973
1,2018-10,Random walk (no change),0.0,0.4187927078147524,0.4187927078147524
1,2018-10,Drift (24m mean),0.3266240286055303,0.4187927078147524,0.092168679209222
1,2018-10,"ARIMA(1,1,1)",0.1602508527965369,0.4187927078147524,0.2585418550182154
1,2018-10,Ridge,0.0701432064327296,0.4187927078147524,0.3486495013820228
1,2018-10,SVR (RBF),0.2095178243170717,0.4187927078147524,0.2092748834976807
1,2018-10,Random forest,0.1356661031692738,0.4187927078147524,0.2831266046454786
1,2018-10,Gradient boosting,0.0009902331712403,0.4187927078147524,0.417802474643512
1,2018-12,Random walk (no change),0.0,0.2064387077065355,0.2064387077065355
1,2018-12,Drift (24m mean),0.3306304854743036,0.2064387077065355,-0.1241917777677681
1,2018-12,"ARIMA(1,1,1)",0.0632756958421509,0.2064387077065355,0.1431630118643845
1,2018-12,Ridge,0.259003292980755,0.2064387077065355,-0.0525645852742194
1,2018-12,SVR (RBF),0.3083496162124441,0.2064387077065355,-0.1019109085059086
1,2018-12,Random forest,0.3711360773639519,0.2064387077065355,-0.1646973696574163
1,2018-12,Gradient boosting,0.3524747473029477,0.2064387077065355,-0.1460360395964122
1,2019-02,Random walk (no change),0.0,0.3409114590430917,0.3409114590430917
1,2019-02,Drift (24m mean),0.3348862037191646,0.3409114590430917,0.006025255323927
1,2019-02,"ARIMA(1,1,1)",0.165193687658018,0.3409114590430917,0.1757177713850737
1,2019-02,Ridge,0.1807972590059953,0.3409114590430917,0.1601142000370964
1,2019-02,SVR (RBF),0.3965251127686548,0.3409114590430917,-0.055613653725563
1,2019-02,Random forest,0.2812841998665301,0.3409114590430917,0.0596272591765616
1,2019-02,Gradient boosting,0.3999074190998179,0.3409114590430917,-0.0589959600567261
1,2019-04,Random walk (no change),0.0,-0.0293347682130296,-0.0293347682130296
1,2019-04,Drift (24m mean),0.3422777759247819,-0.0293347682130296,-0.3716125441378115
1,2019-04,"ARIMA(1,1,1)",0.1698184748080393,-0.0293347682130296,-0.1991532430210689
1,2019-04,Ridge,0.1770584571574094,-0.0293347682130296,-0.206393225370439
1,2019-04,SVR (RBF),0.1720439656460533,-0.0293347682130296,-0.2013787338590829
1,2019-04,Random forest,0.2964297010181931,-0.0293347682130296,-0.3257644692312227
1,2019-04,Gradient boosting,0.3046632672108645,-0.0293347682130296,-0.3339980354238941
1,2019-06,Random walk (no change),0.0,-0.0851721377914671,-0.0851721377914671
1,2019-06,Drift (24m mean),0.3374840159796647,-0.0851721377914671,-0.4226561537711319
1,2019-06,"ARIMA(1,1,1)",0.1329578529653758,-0.0851721377914671,-0.218129990756843
1,2019-06,Ridge,0.1330353624903817,-0.0851721377914671,-0.2182075002818488
1,2019-06,SVR (RBF),0.1360001411374126,-0.0851721377914671,-0.2211722789288797
1,2019-06,Random forest,0.003345300143878,-0.0851721377914671,-0.0885174379353451
1,2019-06,Gradient boosting,0.2550463934298163,-0.0851721377914671,-0.3402185312212834
1,2019-08,Random walk (no change),0.0,0.0225435409167751,0.0225435409167751
1,2019-08,Drift (24m mean),0.3062795248029474,0.0225435409167751,-0.2837359838861723
1,2019-08,"ARIMA(1,1,1)",0.1139076890900696,0.0225435409167751,-0.0913641481732945
1,2019-08,Ridge,0.0433409348168062,0.0225435409167751,-0.0207973939000311
1,2019-08,SVR (RBF),0.2100293509143321,0.0225435409167751,-0.187485809997557
1,2019-08,Random forest,0.0926763812305945,0.0225435409167751,-0.0701328403138194
1,2019-08,Gradient boosting,0.0513540392463985,0.0225435409167751,-0.0288104983296234
1,2019-10,Random walk (no change),0.0,0.1149610106514487,0.1149610106514487
1,2019-10,Drift (24m mean),0.2786160229904817,0.1149610106514487,-0.163655012339033
1,2019-10,"ARIMA(1,1,1)",-0.017056565845678,0.1149610106514487,0.1320175764971267
1,2019-10,Ridge,0.1388572671426959,0.1149610106514487,-0.0238962564912472
1,2019-10,SVR (RBF),0.1283216891923685,0.1149610106514487,-0.0133606785409198
1,2019-10,Random forest,0.0254867231019018,0.1149610106514487,0.0894742875495468
1,2019-10,Gradient boosting,0.0686657150517963,0.1149610106514487,0.0462952955996523
1,2019-12,Random walk (no change),0.0,0.4075298404557781,0.4075298404557781
1,2019-12,Drift (24m mean),0.2626740803428802,0.4075298404557781,0.1448557601128978
1,2019-12,"ARIMA(1,1,1)",-0.0412009751406117,0.4075298404557781,0.4487308155963898
1,2019-12,Ridge,0.2943870109968203,0.4075298404557781,0.1131428294589577
1,2019-12,SVR (RBF),0.2866210695885934,0.4075298404557781,0.1209087708671846
1,2019-12,Random forest,0.2730418983385342,0.4075298404557781,0.1344879421172438
1,2019-12,Gradient boosting,0.1854529195409047,0.4075298404557781,0.2220769209148734
1,2020-02,Random walk (no change),0.0,0.0412434244554393,0.0412434244554393
1,2020-02,Drift (24m mean),0.264976604685659,0.0412434244554393,-0.2237331802302196
1,2020-02,"ARIMA(1,1,1)",0.1096977159232324,0.0412434244554393,-0.068454291467793
1,2020-02,Ridge,0.3222885013568233,0.0412434244554393,-0.2810450769013839
1,2020-02,SVR (RBF),0.3045633489245461,0.0412434244554393,-0.2633199244691067
1,2020-02,Random forest,0.1744204219193638,0.0412434244554393,-0.1331769974639244
1,2020-02,Gradient boosting,0.1180053156073898,0.0412434244554393,-0.0767618911519504
1,2020-04,Random walk (no change),0.0,-0.1763789607868826,-0.1763789607868826
1,2020-04,Drift (24m mean),0.1974676088511688,-0.1763789607868826,-0.3738465696380514
1,2020-04,"ARIMA(1,1,1)",0.1786677951573665,-0.1763789607868826,-0.3550467559442491
1,2020-04,Ridge,0.0914730153454058,-0.1763789607868826,-0.2678519761322884
1,2020-04,SVR (RBF),-0.0484182384033313,-0.1763789607868826,-0.1279607223835513
1,2020-04,Random forest,0.0295200934300433,-0.1763789607868826,-0.2058990542169259
1,2020-04,Gradient boosting,-0.036972059988441,-0.1763789607868826,-0.1394069007984416
1,2020-06,Random walk (no change),0.0,0.422416816348381,0.422416816348381
1,2020-06,Drift (24m mean),0.1441395982794765,0.422416816348381,0.2782772180689045
1,2020-06,"ARIMA(1,1,1)",-0.0768392874857113,0.422416816348381,0.4992561038340923
1,2020-06,Ridge,0.1241714154030559,0.422416816348381,0.298245400945325
1,2020-06,SVR (RBF),-0.0299844363250361,0.422416816348381,0.4524012526734172
1,2020-06,Random forest,0.0662640483769381,0.422416816348381,0.3561527679714428
1,2020-06,Gradient boosting,0.1159594016650084,0.422416816348381,0.3064574146833726
1,2020-08,Random walk (no change),0.0,0.034384663746545,0.034384663746545
1,2020-08,Drift (24m mean),0.1442597927292066,0.034384663746545,-0.1098751289826616
1,2020-08,"ARIMA(1,1,1)",0.1490808584513843,0.034384663746545,-0.1146961947048392
1,2020-08,Ridge,0.1428068597256942,0.034384663746545,-0.1084221959791492
1,2020-08,SVR (RBF),0.1136071984611524,0.034384663746545,-0.0792225347146074
1,2020-08,Random forest,0.1024438799114251,0.034384663746545,-0.06805921616488
1,2020-08,Gradient boosting,0.0573614987586161,0.034384663746545,-0.022976835012071
1,2020-10,Random walk (no change),0.0,0.4846248622831783,0.4846248622831783
1,2020-10,Drift (24m mean),0.1431946920289473,0.4846248622831783,0.341430170254231
1,2020-10,"ARIMA(1,1,1)",0.1282737383041876,0.4846248622831783,0.3563511239789907
1,2020-10,Ridge,0.2588641956628771,0.4846248622831783,0.2257606666203012
1,2020-10,SVR (RBF),0.2887472040221392,0.4846248622831783,0.1958776582610391
1,2020-10,Random forest,0.1575107591435761,0.4846248622831783,0.3271141031396022
1,2020-10,Gradient boosting,0.2124413785050531,0.4846248622831783,0.2721834837781253
1,2020-12,Random walk (no change),0.0,0.9549076859352468,0.9549076859352468
1,2020-12,Drift (24m mean),0.1486807049013161,0.9549076859352468,0.8062269810339306
1,2020-12,"ARIMA(1,1,1)",0.2156105298059856,0.9549076859352468,0.7392971561292612
1,2020-12,Ridge,0.41701999451452,0.9549076859352468,0.5378876914207267
1,2020-12,SVR (RBF),0.4698572763363768,0.9549076859352468,0.4850504095988699
1,2020-12,Random forest,0.3398982510266246,0.9549076859352468,0.6150094349086221
1,2020-12,Gradient boosting,0.3363476493040729,0.9549076859352468,0.6185600366311739
1,2021-02,Random walk (no change),0.0,1.3593286384131265,1.3593286384131265
1,2021-02,Drift (24m mean),0.2110531197537087,1.3593286384131265,1.1482755186594178
1,2021-02,"ARIMA(1,1,1)",0.4131098359114844,1.3593286384131265,0.946218802501642
1,2021-02,Ridge,0.6273374895490402,1.3593286384131265,0.7319911488640862
1,2021-02,SVR (RBF),0.6434007714961936,1.3593286384131265,0.7159278669169329
1,2021-02,Random forest,0.598832183413357,1.3593286384131265,0.7604964549997695
1,2021-02,Gradient boosting,0.6649386197648672,1.3593286384131265,0.6943900186482592
1,2021-04,Random walk (no change),0.0,1.7606731842415346,1.7606731842415346
1,2021-04,Drift (24m mean),0.2959212180345449,1.7606731842415346,1.4647519662069897
1,2021-04,"ARIMA(1,1,1)",0.6680216810407842,1.7606731842415346,1.0926515032007504
1,2021-04,Ridge,0.6495835816858415,1.7606731842415346,1.1110896025556931
1,2021-04,SVR (RBF),0.3429206002012521,1.7606731842415346,1.4177525840402825
1,2021-04,Random forest,0.682301897956494,1.7606731842415346,1.0783712862850408
1,2021-04,Gradient boosting,0.8703358575518392,1.7606731842415346,0.8903373266896955
1,2021-06,Random walk (no change),0.0,1.3901689041631915,1.3901689041631915
1,2021-06,Drift (24m mean),0.4450885474057586,1.3901689041631915,0.9450803567574328
1,2021-06,"ARIMA(1,1,1)",0.9896334801123317,1.3901689041631915,0.4005354240508598
1,2021-06,Ridge,1.0510468925113667,1.3901689041631915,0.3391220116518247
1,2021-06,SVR (RBF),0.3030892512430602,1.3901689041631915,1.0870796529201314
1,2021-06,Random forest,1.1501053391360945,1.3901689041631915,0.2400635650270972
1,2021-06,Gradient boosting,1.6537663556259985,1.3901689041631915,-0.263597451462807
1,2021-08,Random walk (no change),0.0,1.5108618712586177,1.5108618712586177
1,2021-08,Drift (24m mean),0.5680336342353135,1.5108618712586177,0.942828237023304
1,2021-08,"ARIMA(1,1,1)",1.2696657001058045,1.5108618712586177,0.2411961711528132
1,2021-08,Ridge,0.9602390244967068,1.5108618712586177,0.5506228467619108
1,2021-08,SVR (RBF),0.6242238712391202,1.5108618712586177,0.8866380000194973
1,2021-08,Random forest,1.0963744367023325,1.5108618712586177,0.414487434556285
1,2021-08,Gradient boosting,0.8058997920950668,1.5108618712586177,0.7049620791635507
1,2021-10,Random walk (no change),0.0,1.0428648138897767,1.0428648138897767
1,2021-10,Drift (24m mean),0.6920601617638004,1.0428648138897767,0.3508046521259763
1,2021-10,"ARIMA(1,1,1)",1.2499376012061134,1.0428648138897767,-0.2070727873163367
1,2021-10,Ridge,1.1252163714771726,1.0428648138897767,-0.0823515575873958
1,2021-10,SVR (RBF),0.604485322182458,1.0428648138897767,0.4383794917073187
1,2021-10,Random forest,1.1176463621289767,1.0428648138897767,-0.0747815482392
1,2021-10,Gradient boosting,1.1158242349495453,1.0428648138897767,-0.0729594210597686
1,2021-12,Random walk (no change),0.0,1.627672061177332,1.627672061177332
1,2021-12,Drift (24m mean),0.7693854787003277,1.627672061177332,0.8582865824770044
1,2021-12,"ARIMA(1,1,1)",1.1921359538505385,1.627672061177332,0.4355361073267936
1,2021-12,Ridge,1.2206811022340631,1.627672061177332,0.4069909589432687
1,2021-12,SVR (RBF),0.5690178109063779,1.627672061177332,1.0586542502709542
1,2021-12,Random forest,1.3537506335043437,1.627672061177332,0.2739214276729884
1,2021-12,Gradient boosting,1.3669663465790944,1.627672061177332,0.2607057145982376
1,2022-02,Random walk (no change),0.0,1.5135076174528803,1.5135076174528803
1,2022-02,Drift (24m mean),0.8710639970937906,1.5135076174528803,0.64244362035909
1,2022-02,"ARIMA(1,1,1)",1.2158777845307327,1.5135076174528803,0.2976298329221478
1,2022-02,Ridge,1.3122442745898335,1.5135076174528803,0.201263342863047
1,2022-02,SVR (RBF),0.4844489454875093,1.5135076174528803,1.0290586719653714
1,2022-02,Random forest,1.2873748962884974,1.5135076174528803,0.2261327211643831
1,2022-02,Gradient boosting,1.1317062995021892,1.5135076174528803,0.3818013179506914
1,2022-04,Random walk (no change),0.0,1.1544219695563296,1.1544219695563296
1,2022-04,Drift (24m mean),0.9937526798435772,1.1544219695563296,0.1606692897127523
1,2022-04,"ARIMA(1,1,1)",1.3027135275829664,1.1544219695563296,-0.1482915580266368
1,2022-04,Ridge,1.2799752598573868,1.1544219695563296,-0.1255532903010572
1,2022-04,SVR (RBF),0.9914628646893652,1.1544219695563296,0.1629591048669645
1,2022-04,Random forest,1.4438248647671967,1.1544219695563296,-0.2894028952108671
1,2022-04,Gradient boosting,1.448213279786613,1.1544219695563296,-0.2937913102302834
1,2022-06,Random walk (no change),0.0,0.6364930841222805,0.6364930841222805
1,2022-06,Drift (24m mean),1.1046527573721785,0.6364930841222805,-0.4681596732498978
1,2022-06,"ARIMA(1,1,1)",1.214778536664312,0.6364930841222805,-0.5782854525420316
1,2022-06,Ridge,0.9633268181282436,0.6364930841222805,-0.326833734005963
1,2022-06,SVR (RBF),0.8421032530970987,0.6364930841222805,-0.2056101689748182
1,2022-06,Random forest,1.3865035986282446,0.6364930841222805,-0.7500105145059641
1,2022-06,Gradient boosting,1.0605600651948,0.6364930841222805,-0.4240669810725195
1,2022-08,Random walk (no change),0.0,-0.1790324841252744,-0.1790324841252744
1,2022-08,Drift (24m mean),1.1224924463533366,-0.1790324841252744,-1.301524930478611
1,2022-08,"ARIMA(1,1,1)",0.8796494392749423,-0.1790324841252744,-1.0586819234002167
1,2022-08,Ridge,0.4423906343319893,-0.1790324841252744,-0.6214231184572636
1,2022-08,SVR (RBF),0.4813157586730556,-0.1790324841252744,-0.66034824279833
1,2022-08,Random forest,0.374525360060408,-0.1790324841252744,-0.5535578441856824
1,2022-08,Gradient boosting,0.0904775926972612,-0.1790324841252744,-0.2695100768225357
1,2022-10,Random walk (no change),0.0,0.9083681351219396,0.9083681351219396
1,2022-10,Drift (24m mean),1.104707684030685,0.9083681351219396,-0.1963395489087454
1,2022-10,"ARIMA(1,1,1)",0.3742055197136551,0.9083681351219396,0.5341626154082846
1,2022-10,Ridge,0.0586635803869732,0.9083681351219396,0.8497045547349664
1,2022-10,SVR (RBF),-0.0544202982421616,0.9083681351219396,0.9627884333641012
1,2022-10,Random forest,0.0701262999823504,0.9083681351219396,0.8382418351395893
1,2022-10,Gradient boosting,0.0589101538894932,0.9083681351219396,0.8494579812324464
1,2022-12,Random walk (no change),0.0,0.462996419787709,0.462996419787709
1,2022-12,Drift (24m mean),1.140019623433915,0.462996419787709,-0.677023203646206
1,2022-12,"ARIMA(1,1,1)",0.5611524106149659,0.462996419787709,-0.0981559908272569
1,2022-12,Ridge,0.5523038860053966,0.462996419787709,-0.0893074662176875
1,2022-12,SVR (RBF),0.3853356720201029,0.462996419787709,0.0776607477676061
1,2022-12,Random forest,0.2965488703278578,0.462996419787709,0.1664475494598511
1,2022-12,Gradient boosting,0.4841832861022136,0.462996419787709,-0.0211868663145046
1,2023-02,Random walk (no change),0.0,0.5485524917030471,0.5485524917030471
1,2023-02,Drift (24m mean),1.0990270179216204,0.5485524917030471,-0.5504745262185733
1,2023-02,"ARIMA(1,1,1)",0.4003164705865742,0.5485524917030471,0.1482360211164728
1,2023-02,Ridge,0.5129973536982466,0.5485524917030471,0.0355551380048004
1,2023-02,SVR (RBF),0.4006158073043913,0.5485524917030471,0.1479366843986558
1,2023-02,Random forest,0.4468522085641788,0.5485524917030471,0.1017002831388682
1,2023-02,Gradient boosting,0.4895230155423244,0.5485524917030471,0.0590294761607226
1,2023-04,Random walk (no change),0.0,0.0276608539161227,0.0276608539161227
1,2023-04,Drift (24m mean),1.0314623390291138,0.0276608539161227,-1.003801485112991
1,2023-04,"ARIMA(1,1,1)",0.4501859496996303,0.0276608539161227,-0.4225250957835076
1,2023-04,Ridge,0.3996308700041655,0.0276608539161227,-0.3719700160880428
1,2023-04,SVR (RBF),0.4618466801210829,0.0276608539161227,-0.4341858262049601
1,2023-04,Random forest,0.3923141023596248,0.0276608539161227,-0.3646532484435021
1,2023-04,Gradient boosting,0.4281118777117312,0.0276608539161227,-0.4004510237956085
1,2023-06,Random walk (no change),0.0,1.5497897508889302,1.5497897508889302
1,2023-06,Drift (24m mean),0.8870446448353294,1.5497897508889302,0.6627451060536008
1,2023-06,"ARIMA(1,1,1)",0.2720188563247916,1.5497897508889302,1.2777708945641386
1,2023-06,Ridge,0.2082114255558957,1.5497897508889302,1.3415783253330344
1,2023-06,SVR (RBF),0.2218849612956818,1.5497897508889302,1.3279047895932483
1,2023-06,Random forest,0.1769220950471633,1.5497897508889302,1.372867655841767
1,2023-06,Gradient boosting,0.2482918579867565,1.5497897508889302,1.3014978929021737
1,2023-08,Random walk (no change),0.0,-0.249656292384337,-0.249656292384337
1,2023-08,Drift (24m mean),0.9003463820624743,-0.249656292384337,-1.1500026744468117
1,2023-08,"ARIMA(1,1,1)",0.9302378594101696,-0.249656292384337,-1.1798941517945067
1,2023-08,Ridge,0.459982604909654,-0.249656292384337,-0.7096388972939911
1,2023-08,SVR (RBF),0.2382582695968474,-0.249656292384337,-0.4879145619811845
1,2023-08,Random forest,0.6589327996514895,-0.249656292384337,-0.9085890920358266
1,2023-08,Gradient boosting,0.3558917176943798,-0.249656292384337,-0.605548010078717
1,2023-10,Random walk (no change),0.0,0.2723862571048396,0.2723862571048396
1,2023-10,Drift (24m mean),0.753636535092228,0.2723862571048396,-0.4812502779873884
1,2023-10,"ARIMA(1,1,1)",0.1463613699492612,0.2723862571048396,0.1260248871555784
1,2023-10,Ridge,0.3691914224094496,0.2723862571048396,-0.0968051653046099
1,2023-10,SVR (RBF),0.2500667632626405,0.2723862571048396,0.0223194938421991
1,2023-10,Random forest,0.3172793696634338,0.2723862571048396,-0.0448931125585941
1,2023-10,Gradient boosting,0.1120055385545605,0.2723862571048396,0.1603807185502791
1,2023-12,Random walk (no change),0.0,0.2515965305691647,0.2515965305691647
1,2023-12,Drift (24m mean),0.6894299886934833,0.2515965305691647,-0.4378334581243185
1,2023-12,"ARIMA(1,1,1)",0.2768319173654845,0.2515965305691647,-0.0252353867963197
1,2023-12,Ridge,0.4929685388221275,0.2515965305691647,-0.2413720082529628
1,2023-12,SVR (RBF),0.3586428328556614,0.2515965305691647,-0.1070463022864966
1,2023-12,Random forest,0.4945629584599447,0.2515965305691647,-0.24296642789078
1,2023-12,Gradient boosting,0.4369684289414448,0.2515965305691647,-0.18537189837228
1,2024-02,Random walk (no change),0.0,0.0253604345757718,0.0253604345757718
1,2024-02,Drift (24m mean),0.5747570278094694,0.0253604345757718,-0.5493965932336975
1,2024-02,"ARIMA(1,1,1)",0.3299904085541811,0.0253604345757718,-0.3046299739784093
1,2024-02,Ridge,0.2457323006320511,0.0253604345757718,-0.2203718660562793
1,2024-02,SVR (RBF),0.049673426485401,0.0253604345757718,-0.0243129919096291
1,2024-02,Random forest,0.4774000503464719,0.0253604345757718,-0.4520396157707
1,2024-02,Gradient boosting,0.9638939927107996,0.0253604345757718,-0.9385335581350276
1,2024-04,Random walk (no change),0.0,0.2477940009251167,0.2477940009251167
1,2024-04,Drift (24m mean),0.4507447625697103,0.2477940009251167,-0.2029507616445935
1,2024-04,"ARIMA(1,1,1)",0.063228101163645,0.2477940009251167,0.1845658997614716
1,2024-04,Ridge,0.1863162949787882,0.2477940009251167,0.0614777059463284
1,2024-04,SVR (RBF),0.1122926631924995,0.2477940009251167,0.1355013377326172
1,2024-04,Random forest,0.2257958803242597,0.2477940009251167,0.0219981206008569
1,2024-04,Gradient boosting,0.3811853433845185,0.2477940009251167,-0.1333913424594018
1,2024-06,Random walk (no change),0.0,0.2956417842724157,0.2956417842724157
1,2024-06,Drift (24m mean),0.3751924318504425,0.2956417842724157,-0.0795506475780268
1,2024-06,"ARIMA(1,1,1)",0.1645572101219841,0.2956417842724157,0.1310845741504316
1,2024-06,Ridge,0.1972725097826196,0.2956417842724157,0.0983692744897961
1,2024-06,SVR (RBF),0.2898582444625375,0.2956417842724157,0.0057835398098781
1,2024-06,Random forest,0.2522010474448104,0.2956417842724157,0.0434407368276053
1,2024-06,Gradient boosting,0.254308825107633,0.2956417842724157,0.0413329591647826
1,2024-08,Random walk (no change),0.0,-0.1069801340670473,-0.1069801340670473
1,2024-08,Drift (24m mean),0.3467881568629538,-0.1069801340670473,-0.4537682909300011
1,2024-08,"ARIMA(1,1,1)",0.2043851978812654,-0.1069801340670473,-0.3113653319483127
1,2024-08,Ridge,0.0842467883853024,-0.1069801340670473,-0.1912269224523498
1,2024-08,SVR (RBF),0.1704076623637289,-0.1069801340670473,-0.2773877964307762
1,2024-08,Random forest,0.1234046835537387,-0.1069801340670473,-0.230384817620786
1,2024-08,Gradient boosting,0.0207815539483623,-0.1069801340670473,-0.1277616880154096
1,2024-10,Random walk (no change),0.0,0.1016790486390473,0.1016790486390473
1,2024-10,Drift (24m mean),0.3527925193678061,0.1016790486390473,-0.2511134707287588
1,2024-10,"ARIMA(1,1,1)",0.0388538538749116,0.1016790486390473,0.0628251947641356
1,2024-10,Ridge,0.1523217221083485,0.1016790486390473,-0.0506426734693012
1,2024-10,SVR (RBF),0.3242457435349816,0.1016790486390473,-0.2225666948959342
1,2024-10,Random forest,0.1700737116792705,0.1016790486390473,-0.0683946630402231
1,2024-10,Gradient boosting,0.1096344811145392,0.1016790486390473,-0.0079554324754919
1,2024-12,Random walk (no change),0.0,0.2400180473625113,0.2400180473625113
1,2024-12,Drift (24m mean),0.285568428827565,0.2400180473625113,-0.0455503814650537
1,2024-12,"ARIMA(1,1,1)",0.0188251686278704,0.2400180473625113,0.2211928787346408
1,2024-12,Ridge,0.1698995928474118,0.2400180473625113,0.0701184545150994
1,2024-12,SVR (RBF),0.0652241139820959,0.2400180473625113,0.1747939333804153
1,2024-12,Random forest,0.1408148789345085,0.2400180473625113,0.0992031684280028
1,2024-12,Gradient boosting,0.0960592825206364,0.2400180473625113,0.1439587648418749
1,2025-02,Random walk (no change),0.0,1.33584402843554,1.33584402843554
1,2025-02,Drift (24m mean),0.2669868977921319,1.33584402843554,1.068857130643408
1,2025-02,"ARIMA(1,1,1)",0.1720757716232697,1.33584402843554,1.1637682568122705
1,2025-02,Ridge,0.3976089255319353,1.33584402843554,0.9382351029036048
1,2025-02,SVR (RBF),0.3229614522584889,1.33584402843554,1.012882576177051
1,2025-02,Random forest,0.3191578841785896,1.33584402843554,1.0166861442569504
1,2025-02,Gradient boosting,0.3752440621904317,1.33584402843554,0.9605999662451082
1,2025-04,Random walk (no change),0.0,2.048539486762868,2.048539486762868
1,2025-04,Drift (24m mean),0.332594525853173,2.048539486762868,1.715944960909695
1,2025-04,"ARIMA(1,1,1)",0.3441046743027414,2.048539486762868,1.7044348124601267
1,2025-04,Ridge,0.79571576773555,2.048539486762868,1.2528237190273182
1,2025-04,SVR (RBF),0.40681412990375,2.048539486762868,1.641725356859118
1,2025-04,Random forest,0.8161751565709748,2.048539486762868,1.2323643301918934
1,2025-04,Gradient boosting,1.1040904225986805,2.048539486762868,0.9444490641641878
1,2026-06,Random walk (no change),0.0,0.9798499910242952,0.9798499910242952
1,2026-06,Drift (24m mean),0.5010010785904018,0.9798499910242952,0.4788489124338935
1,2026-06,"ARIMA(1,1,1)",0.8503338326232779,0.9798499910242952,0.1295161584010173
1,2026-06,Ridge,2.24334078890793,0.9798499910242952,-1.2634907978836347
1,2026-06,SVR (RBF),0.493056394428906,0.9798499910242952,0.4867935965953893
1,2026-06,Random forest,1.427686359568821,0.9798499910242952,-0.4478363685445257
1,2026-06,Gradient boosting,1.1408771817875625,0.9798499910242952,-0.161027190763267
3,2017-02,Random walk (no change),0.0,0.4807632149992358,0.4807632149992358
3,2017-02,Drift (24m mean),0.1058496260077553,0.4807632149992358,0.3749135889914805
3,2017-02,"ARIMA(1,1,1)",0.7260606484788923,0.4807632149992358,-0.2452974334796565
3,2017-02,Ridge,0.224405641296974,0.4807632149992358,0.2563575737022617
3,2017-02,SVR (RBF),0.7391680385002914,0.4807632149992358,-0.2584048235010556
3,2017-02,Random forest,0.4760487904066089,0.4807632149992358,0.0047144245926268
3,2017-02,Gradient boosting,0.7186180577823076,0.4807632149992358,-0.2378548427830717
3,2017-04,Random walk (no change),0.0,0.366769816456225,0.366769816456225
3,2017-04,Drift (24m mean),0.1414507649774651,0.366769816456225,0.2253190514787598
3,2017-04,"ARIMA(1,1,1)",0.2233748880842654,0.366769816456225,0.1433949283719595
3,2017-04,Ridge,0.1031533844697121,0.366769816456225,0.2636164319865128
3,2017-04,SVR (RBF),0.3588933810244183,0.366769816456225,0.0078764354318066
3,2017-04,Random forest,0.353867500193646,0.366769816456225,0.0129023162625789
3,2017-04,Gradient boosting,0.3735816029536497,0.366769816456225,-0.0068117864974247
3,2017-06,Random walk (no change),0.0,1.1370697923809292,1.1370697923809292
3,2017-06,Drift (24m mean),0.1949489773620638,1.1370697923809292,0.9421208150188654
3,2017-06,"ARIMA(1,1,1)",0.2148471170612538,1.1370697923809292,0.9222226753196754
3,2017-06,Ridge,-0.3282006740911026,1.1370697923809292,1.4652704664720315
3,2017-06,SVR (RBF),0.14374953580413,1.1370697923809292,0.9933202565767992
3,2017-06,Random forest,0.2132653494336001,1.1370697923809292,0.9238044429473292
3,2017-06,Gradient boosting,0.1374146387081304,1.1370697923809292,0.9996551536727988
3,2017-08,Random walk (no change),0.0,0.8519809539025314,0.8519809539025314
3,2017-08,Drift (24m mean),0.3251954074111015,0.8519809539025314,0.52678554649143
3,2017-08,"ARIMA(1,1,1)",0.1094486251452622,0.8519809539025314,0.7425323287572692
3,2017-08,Ridge,0.3728982757963163,0.8519809539025314,0.4790826781062151
3,2017-08,SVR (RBF),0.3820942830027123,0.8519809539025314,0.469886670899819
3,2017-08,Random forest,0.6955576216920095,0.8519809539025314,0.1564233322105218
3,2017-08,Gradient boosting,0.8203791345789722,0.8519809539025314,0.0316018193235592
3,2017-10,Random walk (no change),0.0,1.0441600135100426,1.0441600135100426
3,2017-10,Drift (24m mean),0.4473344476553305,1.0441600135100426,0.5968255658547121
3,2017-10,"ARIMA(1,1,1)",0.6582418523117326,1.0441600135100426,0.38591816119831
3,2017-10,Ridge,0.345315015528961,1.0441600135100426,0.6988449979810816
3,2017-10,SVR (RBF),0.743935742463925,1.0441600135100426,0.3002242710461176
3,2017-10,Random forest,0.7363054343952844,1.0441600135100426,0.3078545791147582
3,2017-10,Gradient boosting,0.6268770809848556,1.0441600135100426,0.417282932525187
3,2017-12,Random walk (no change),0.0,1.9172047790893647,1.9172047790893647
3,2017-12,Drift (24m mean),0.5852567486347845,1.9172047790893647,1.3319480304545808
3,2017-12,"ARIMA(1,1,1)",0.358499961218456,1.9172047790893647,1.5587048178709093
3,2017-12,Ridge,0.5693594206888825,1.9172047790893647,1.347845358400483
3,2017-12,SVR (RBF),0.4498232870445244,1.9172047790893647,1.467381492044841
3,2017-12,Random forest,0.8444548907327629,1.9172047790893647,1.0727498883566025
3,2017-12,Gradient boosting,0.996007752029524,1.9172047790893647,0.9211970270598416
3,2018-02,Random walk (no change),0.0,2.183671391429032,2.183671391429032
3,2018-02,Drift (24m mean),0.7169057585278305,2.183671391429032,1.466765632901201
3,2018-02,"ARIMA(1,1,1)",0.4944152734188947,2.183671391429032,1.689256118010137
3,2018-02,Ridge,0.929904159001929,2.183671391429032,1.2537672324271028
3,2018-02,SVR (RBF),0.7837262974655073,2.183671391429032,1.3999450939635243
3,2018-02,Random forest,0.8868130683503053,2.183671391429032,1.2968583230787265
3,2018-02,Gradient boosting,0.8643820330890513,2.183671391429032,1.3192893583399803
3,2018-04,Random walk (no change),0.0,1.2026088618370512,1.2026088618370512
3,2018-04,Drift (24m mean),0.859298238697955,1.2026088618370512,0.3433106231390962
3,2018-04,"ARIMA(1,1,1)",1.1390274586721605,1.2026088618370512,0.0635814031648909
3,2018-04,Ridge,0.7323398170692116,1.2026088618370512,0.4702690447678396
3,2018-04,SVR (RBF),1.150238775555749,1.2026088618370512,0.0523700862813021
3,2018-04,Random forest,1.109635310424059,1.2026088618370512,0.0929735514129921
3,2018-04,Gradient boosting,1.183540479875983,1.2026088618370512,0.0190683819610681
3,2018-06,Random walk (no change),0.0,0.6449118417156008,0.6449118417156008
3,2018-06,Drift (24m mean),0.9461130530842744,0.6449118417156008,-0.3012012113686735
3,2018-06,"ARIMA(1,1,1)",1.529295320389508,0.6449118417156008,-0.8843834786739073
3,2018-06,Ridge,0.3668522706487335,0.6449118417156008,0.2780595710668672
3,2018-06,SVR (RBF),0.6137378451308907,0.6449118417156008,0.03117399658471
3,2018-06,Random forest,0.4246926258927816,0.6449118417156008,0.2202192158228191
3,2018-06,Gradient boosting,0.1723052021034306,0.6449118417156008,0.4726066396121701
3,2018-08,Random walk (no change),0.0,0.502659349703638,0.502659349703638
3,2018-08,Drift (24m mean),0.9807917461370182,0.502659349703638,-0.4781323964333802
3,2018-08,"ARIMA(1,1,1)",0.924125443254468,0.502659349703638,-0.4214660935508298
3,2018-08,Ridge,0.2857351006300131,0.502659349703638,0.2169242490736249
3,2018-08,SVR (RBF),0.6037666637209236,0.502659349703638,-0.1011073140172855
3,2018-08,Random forest,0.3992545667501445,0.502659349703638,0.1034047829534935
3,2018-08,Gradient boosting,0.2803807013408268,0.502659349703638,0.2222786483628112
3,2018-10,Random walk (no change),0.0,1.0270590495352394,1.0270590495352394
3,2018-10,Drift (24m mean),1.0010934491168078,1.0270590495352394,0.0259656004184316
3,2018-10,"ARIMA(1,1,1)",0.4083572889798006,1.0270590495352394,0.6187017605554388
3,2018-10,Ridge,0.3485846106063512,1.0270590495352394,0.6784744389288881
3,2018-10,SVR (RBF),0.8932465464183944,1.0270590495352394,0.133812503116845
3,2018-10,Random forest,0.6149061611672457,1.0270590495352394,0.4121528883679937
3,2018-10,Gradient boosting,0.422819757548855,1.0270590495352394,0.6042392919863844
3,2018-12,Random walk (no change),0.0,0.8213513081805957,0.8213513081805957
3,2018-12,Drift (24m mean),0.9829772883085508,0.8213513081805957,-0.1616259801279551
3,2018-12,"ARIMA(1,1,1)",0.1606281223864698,0.8213513081805957,0.6607231857941258
3,2018-12,Ridge,0.6654262202207986,0.8213513081805957,0.1559250879597971
3,2018-12,SVR (RBF),1.1022809505046336,0.8213513081805957,-0.2809296423240379
3,2018-12,Random forest,0.8842572752091113,0.8213513081805957,-0.0629059670285157
3,2018-12,Gradient boosting,1.0753510020237425,0.8213513081805957,-0.2539996938431468
3,2019-02,Random walk (no change),0.0,0.5668732439059632,0.5668732439059632
3,2019-02,Drift (24m mean),1.0150175310616238,0.5668732439059632,-0.4481442871556607
3,2019-02,"ARIMA(1,1,1)",0.4225930564453506,0.5668732439059632,0.1442801874606125
3,2019-02,Ridge,0.5883297258212575,0.5668732439059632,-0.0214564819152943
3,2019-02,SVR (RBF),0.9178139240227552,0.5668732439059632,-0.350940680116792
3,2019-02,Random forest,0.8315560321788609,0.5668732439059632,-0.2646827882728977
3,2019-02,Gradient boosting,0.8054700674300026,0.5668732439059632,-0.2385968235240394
3,2019-04,Random walk (no change),0.0,-0.0187946359298418,-0.0187946359298418
3,2019-04,Drift (24m mean),1.0221933668038512,-0.0187946359298418,-1.040988002733693
3,2019-04,"ARIMA(1,1,1)",0.4356110461931166,-0.0187946359298418,-0.4544056821229585
3,2019-04,Ridge,0.4597466458063311,-0.0187946359298418,-0.478541281736173
3,2019-04,SVR (RBF),0.4540601902691296,-0.0187946359298418,-0.4728548261989714
3,2019-04,Random forest,1.0661316080373795,-0.0187946359298418,-1.0849262439672214
3,2019-04,Gradient boosting,1.1109991904475007,-0.0187946359298418,-1.1297938263773426
3,2019-06,Random walk (no change),0.0,-0.2351192924413769,-0.2351192924413769
3,2019-06,Drift (24m mean),0.9900629957716788,-0.2351192924413769,-1.225182288213056
3,2019-06,"ARIMA(1,1,1)",0.3417652658800421,-0.2351192924413769,-0.576884558321419
3,2019-06,Ridge,0.4756304337993324,-0.2351192924413769,-0.7107497262407094
3,2019-06,SVR (RBF),0.4121620739157471,-0.2351192924413769,-0.6472813663571241
3,2019-06,Random forest,0.5971940676863056,-0.2351192924413769,-0.8323133601276825
3,2019-06,Gradient boosting,0.8152402436401888,-0.2351192924413769,-1.0503595360815656
3,2019-08,Random walk (no change),0.0,0.0744888312179448,0.0744888312179448
3,2019-08,Drift (24m mean),0.8757139053698201,0.0744888312179448,-0.8012250741518753
3,2019-08,"ARIMA(1,1,1)",0.2927942444392784,0.0744888312179448,-0.2183054132213335
3,2019-08,Ridge,0.3445268654866892,0.0744888312179448,-0.2700380342687444
3,2019-08,SVR (RBF),0.5677921421403863,0.0744888312179448,-0.4933033109224415
3,2019-08,Random forest,0.3479408485934395,0.0744888312179448,-0.2734520173754947
3,2019-08,Gradient boosting,0.5278642297782997,0.0744888312179448,-0.4533753985603549
3,2019-10,Random walk (no change),0.0,0.7699906315981497,0.7699906315981497
3,2019-10,Drift (24m mean),0.8109228951461045,0.7699906315981497,-0.0409322635479547
3,2019-10,"ARIMA(1,1,1)",-0.0437856777991783,0.7699906315981497,0.813776309397328
3,2019-10,Ridge,0.7321635237505143,0.7699906315981497,0.0378271078476354
3,2019-10,SVR (RBF),0.7155158962686871,0.7699906315981497,0.0544747353294626
3,2019-10,Random forest,0.4440625826671703,0.7699906315981497,0.3259280489309794
3,2019-10,Gradient boosting,0.3984682181710393,0.7699906315981497,0.3715224134271104
3,2019-12,Random walk (no change),0.0,0.8231279199466979,0.8231279199466979
3,2019-12,Drift (24m mean),0.7880754466534468,0.8231279199466979,0.0350524732932511
3,2019-12,"ARIMA(1,1,1)",-0.1057730366374585,0.8231279199466979,0.9289009565841564
3,2019-12,Ridge,0.951452117088915,0.8231279199466979,-0.1283241971422171
3,2019-12,SVR (RBF),0.6672949803134985,0.8231279199466979,0.1558329396331993
3,2019-12,Random forest,1.075199207399682,0.8231279199466979,-0.2520712874529842
3,2019-12,Gradient boosting,0.8459407036403062,0.8231279199466979,-0.0228127836936082
3,2020-02,Random walk (no change),0.0,-0.3075487461638992,-0.3075487461638992
3,2020-02,Drift (24m mean),0.6969023750582245,-0.3075487461638992,-1.004451121222124
3,2020-02,"ARIMA(1,1,1)",0.2814796380580446,-0.3075487461638992,-0.5890283842219439
3,2020-02,Ridge,0.8288009922559718,-0.3075487461638992,-1.136349738419871
3,2020-02,SVR (RBF),0.4410974478252619,-0.3075487461638992,-0.7486461939891612
3,2020-02,Random forest,0.3499716464021658,-0.3075487461638992,-0.6575203925660651
3,2020-02,Gradient boosting,0.3169115096369546,-0.3075487461638992,-0.6244602558008538
3,2020-04,Random walk (no change),0.0,0.4701028272791951,0.4701028272791951
3,2020-04,Drift (24m mean),0.4893006969254802,0.4701028272791951,-0.019197869646285
3,2020-04,"ARIMA(1,1,1)",0.4585298844623935,0.4701028272791951,0.0115729428168016
3,2020-04,Ridge,0.185404842419984,0.4701028272791951,0.2846979848592111
3,2020-04,SVR (RBF),-0.1454567679143239,0.4701028272791951,0.6155595951935191
3,2020-04,Random forest,0.0446166858688505,0.4701028272791951,0.4254861414103446
3,2020-04,Gradient boosting,-0.0465094616279046,0.4701028272791951,0.5166122889070998
3,2020-06,Random walk (no change),0.0,0.6788564621466708,0.6788564621466708
3,2020-06,Drift (24m mean),0.4282585273789922,0.6788564621466708,0.2505979347676786
3,2020-06,"ARIMA(1,1,1)",-0.1956692706696685,0.6788564621466708,0.8745257328163394
3,2020-06,Ridge,0.3747532803446423,0.6788564621466708,0.3041031818020285
3,2020-06,SVR (RBF),0.1700985082835628,0.6788564621466708,0.508757953863108
3,2020-06,Random forest,0.3098510715818526,0.6788564621466708,0.3690053905648182
3,2020-06,Gradient boosting,0.29340727247678,0.6788564621466708,0.3854491896698908
3,2020-08,Random walk (no change),0.0,0.7744252473965485,0.7744252473965485
3,2020-08,Drift (24m mean),0.431087245748248,0.7744252473965485,0.3433380016483005
3,2020-08,"ARIMA(1,1,1)",0.3804933996956379,0.7744252473965485,0.3939318477009106
3,2020-08,Ridge,0.5883602689270725,0.7744252473965485,0.186064978469476
3,2020-08,SVR (RBF),0.4112026191511708,0.7744252473965485,0.3632226282453776
3,2020-08,Random forest,0.4869695647914657,0.7744252473965485,0.2874556826050828
3,2020-08,Gradient boosting,0.6665173709741592,0.7744252473965485,0.1079078764223893
3,2020-10,Random walk (no change),0.0,2.0502929202546927,2.0502929202546927
3,2020-10,Drift (24m mean),0.4537344038893239,2.0502929202546927,1.5965585163653688
3,2020-10,"ARIMA(1,1,1)",0.326987740905281,2.0502929202546927,1.7233051793494116
3,2020-10,Ridge,0.904441156133375,2.0502929202546927,1.1458517641213175
3,2020-10,SVR (RBF),1.150173809808018,2.0502929202546927,0.9001191104466748
3,2020-10,Random forest,0.8977173540105955,2.0502929202546927,1.152575566244097
3,2020-10,Gradient boosting,0.9468638647027584,2.0502929202546927,1.1034290555519342
3,2020-12,Random walk (no change),0.0,3.353156556371184,3.353156556371184
3,2020-12,Drift (24m mean),0.539003893115945,3.353156556371184,2.814152663255239
3,2020-12,"ARIMA(1,1,1)",0.5517296357999157,3.353156556371184,2.8014269205712683
3,2020-12,Ridge,1.242140123337292,3.353156556371184,2.111016433033892
3,2020-12,SVR (RBF),1.270135613800464,3.353156556371184,2.08302094257072
3,2020-12,Random forest,1.0168894547142404,3.353156556371184,2.336267101656944
3,2020-12,Gradient boosting,1.1984210203527863,3.353156556371184,2.1547355360183977
3,2021-02,Random walk (no change),0.0,4.59725808683249,4.59725808683249
3,2021-02,Drift (24m mean),0.749987663798494,4.59725808683249,3.847270423033996
3,2021-02,"ARIMA(1,1,1)",1.061641150296964,4.59725808683249,3.5356169365355257
3,2021-02,Ridge,1.72548062733298,4.59725808683249,2.87177745949951
3,2021-02,SVR (RBF),1.6415349188706283,4.59725808683249,2.955723167961861
3,2021-02,Random forest,1.4613487220896029,4.59725808683249,3.135909364742887
3,2021-02,Gradient boosting,1.6242905868772133,4.59725808683249,2.9729674999552764
3,2021-04,Random walk (no change),0.0,4.940709080776751,4.940709080776751
3,2021-04,Drift (24m mean),1.0858530673757043,4.940709080776751,3.8548560134010463
3,2021-04,"ARIMA(1,1,1)",1.7336311964029392,4.940709080776751,3.2070778843738115
3,2021-04,Ridge,1.823101672493991,4.940709080776751,3.11760740828276
3,2021-04,SVR (RBF),0.9940918009164303,4.940709080776751,3.946617279860321
3,2021-04,Random forest,1.3960584701439769,4.940709080776751,3.544650610632773
3,2021-04,Gradient boosting,2.7583975049823177,4.940709080776751,2.182311575794433
3,2021-06,Random walk (no change),0.0,4.364427440337781,4.364427440337781
3,2021-06,Drift (24m mean),1.4991450437679206,4.364427440337781,2.865282396569861
3,2021-06,"ARIMA(1,1,1)",2.640771302255814,4.364427440337781,1.7236561380819673
3,2021-06,Ridge,3.077414286303794,4.364427440337781,1.2870131540339873
3,2021-06,SVR (RBF),0.6408523720323918,4.364427440337781,3.7235750683053896
3,2021-06,Random forest,3.2307569191755703,4.364427440337781,1.1336705211622111
3,2021-06,Gradient boosting,3.7575155062324543,4.364427440337781,0.6069119341053271
3,2021-08,Random walk (no change),0.0,3.964571984327714,3.964571984327714
3,2021-08,Drift (24m mean),1.8824406048328504,3.964571984327714,2.0821313794948635
3,2021-08,"ARIMA(1,1,1)",3.504462910787538,3.964571984327714,0.4601090735401758
3,2021-08,Ridge,3.147385695224911,3.964571984327714,0.817186289102803
3,2021-08,SVR (RBF),1.0063227593505897,3.964571984327714,2.9582492249771244
3,2021-08,Random forest,3.3018605755059136,3.964571984327714,0.6627114088218002
3,2021-08,Gradient boosting,2.5537110723027485,3.964571984327714,1.410860912024965
3,2021-10,Random walk (no change),0.0,3.939438343972723,3.939438343972723
3,2021-10,Drift (24m mean),2.206614200925331,3.939438343972723,1.732824143047392
3,2021-10,"ARIMA(1,1,1)",3.4921326611565178,3.939438343972723,0.4473056828162054
3,2021-10,Ridge,3.4986427068950707,3.939438343972723,0.4407956370776524
3,2021-10,SVR (RBF),1.1587532662188864,3.939438343972723,2.7806850777538368
3,2021-10,Random forest,3.569575954465656,3.939438343972723,0.3698623895070678
3,2021-10,Gradient boosting,3.4089208662461608,3.939438343972723,0.5305174777265624
3,2021-12,Random walk (no change),0.0,4.6537969987335615,4.6537969987335615
3,2021-12,Drift (24m mean),2.4707348436232124,4.6537969987335615,2.183062155110349
3,2021-12,"ARIMA(1,1,1)",3.3540923417594968,4.6537969987335615,1.299704656974065
3,2021-12,Ridge,3.32517606066786,4.6537969987335615,1.3286209380657017
3,2021-12,SVR (RBF),1.638948447348202,4.6537969987335615,3.01484855138536
3,2021-12,Random forest,3.945762176663062,4.6537969987335615,0.7080348220704993
3,2021-12,Gradient boosting,4.006649328088923,4.6537969987335615,0.6471476706446389
3,2022-02,Random walk (no change),0.0,4.044921592361694,4.044921592361694
3,2022-02,Drift (24m mean),2.789957266855451,4.044921592361694,1.2549643255062437
3,2022-02,"ARIMA(1,1,1)",3.4497335732560828,4.044921592361694,0.5951880191056116
3,2022-02,Ridge,3.666335425283764,4.044921592361694,0.3785861670779304
3,2022-02,SVR (RBF),1.5989197887859654,4.044921592361694,2.446001803575729
3,2022-02,Random forest,4.011870117409616,4.044921592361694,0.033051474952078
3,2022-02,Gradient boosting,3.056741149430397,4.044921592361694,0.9881804429312973
3,2022-04,Random walk (no change),0.0,2.717766278209277,2.717766278209277
3,2022-04,Drift (24m mean),3.152663128399251,2.717766278209277,-0.4348968501899737
3,2022-04,"ARIMA(1,1,1)",3.726975367088812,2.717766278209277,-1.009209088879535
3,2022-04,Ridge,3.4657540639682978,2.717766278209277,-0.7479877857590207
3,2022-04,SVR (RBF),2.159311088774957,2.717766278209277,0.5584551894343202
3,2022-04,Random forest,3.974036956357832,2.717766278209277,-1.2562706781485549
3,2022-04,Gradient boosting,3.348198879031479,2.717766278209277,-0.6304326008222021
3,2022-06,Random walk (no change),0.0,0.7904509904442136,0.7904509904442136
3,2022-06,Drift (24m mean),3.3399684159767573,0.7904509904442136,-2.549517425532544
3,2022-06,"ARIMA(1,1,1)",3.4802490701503075,0.7904509904442136,-2.689798079706094
3,2022-06,Ridge,2.269947605964683,0.7904509904442136,-1.4794966155204694
3,2022-06,SVR (RBF),2.0539962951909305,0.7904509904442136,-1.263545304746717
3,2022-06,Random forest,2.9472512951175007,0.7904509904442136,-2.156800304673287
3,2022-06,Gradient boosting,2.285157904198183,0.7904509904442136,-1.4947069137539692
3,2022-08,Random walk (no change),0.0,1.180009438642271,1.180009438642271
3,2022-08,Drift (24m mean),3.3492679600015527,1.180009438642271,-2.1692585213592817
3,2022-08,"ARIMA(1,1,1)",2.4996954299584786,1.180009438642271,-1.3196859913162076
3,2022-08,Ridge,1.1197982727437712,1.180009438642271,0.0602111658984998
3,2022-08,SVR (RBF),1.0883014775990922,1.180009438642271,0.0917079610431788
3,2022-08,Random forest,0.4899938538943708,1.180009438642271,0.6900155847479003
3,2022-08,Gradient boosting,-0.3248230032848367,1.180009438642271,1.5048324419271075
3,2022-10,Random walk (no change),0.0,1.78334945068106,1.78334945068106
3,2022-10,Drift (24m mean),3.3830666426053626,1.78334945068106,-1.5997171919243027
3,2022-10,"ARIMA(1,1,1)",1.0484945416993696,1.78334945068106,0.7348549089816903
3,2022-10,Ridge,1.2046866694330047,1.78334945068106,0.5786627812480551
3,2022-10,SVR (RBF),1.3482414759297905,1.78334945068106,0.4351079747512696
3,2022-10,Random forest,1.2000258266402146,1.78334945068106,0.5833236240408453
3,2022-10,Gradient boosting,0.752957459360828,1.78334945068106,1.030391991320232
3,2022-12,Random walk (no change),0.0,1.563199323127229,1.563199323127229
3,2022-12,Drift (24m mean),3.360821353474227,1.563199323127229,-1.797622030346998
3,2022-12,"ARIMA(1,1,1)",1.5786574111353957,1.563199323127229,-0.0154580880081667
3,2022-12,Ridge,2.491306460601426,1.563199323127229,-0.9281071374741972
3,2022-12,SVR (RBF),1.5030671864262275,1.563199323127229,0.0601321367010012
3,2022-12,Random forest,1.5182668636917316,1.563199323127229,0.0449324594354973
3,2022-12,Gradient boosting,1.2915805735429036,1.563199323127229,0.2716187495843254
3,2023-02,Random walk (no change),0.0,0.8900763381157528,0.8900763381157528
3,2023-02,Drift (24m mean),3.211658250703897,0.8900763381157528,-2.3215819125881443
3,2023-02,"ARIMA(1,1,1)",1.125101233879775,0.8900763381157528,-0.2350248957640222
3,2023-02,Ridge,1.837170897176464,0.8900763381157528,-0.9470945590607114
3,2023-02,SVR (RBF),1.3146808626799582,0.8900763381157528,-0.4246045245642054
3,2023-02,Random forest,1.4844339612285382,0.8900763381157528,-0.5943576231127854
3,2023-02,Gradient boosting,1.4183937412854366,0.8900763381157528,-0.5283174031696838
3,2023-04,Random walk (no change),0.0,2.676124901027644,2.676124901027644
3,2023-04,Drift (24m mean),2.902726438310836,2.676124901027644,-0.2266015372831926
3,2023-04,"ARIMA(1,1,1)",1.2671776300423403,2.676124901027644,1.408947270985303
3,2023-04,Ridge,1.0827467682369505,2.676124901027644,1.593378132790693
3,2023-04,SVR (RBF),0.7666041146400553,2.676124901027644,1.909520786387588
3,2023-04,Random forest,1.0268616802758677,2.676124901027644,1.6492632207517757
3,2023-04,Gradient boosting,1.0396517793346547,2.676124901027644,1.6364731216929886
3,2023-06,Random walk (no change),0.0,1.272230797366536,1.272230797366536
3,2023-06,Drift (24m mean),2.7140110899984102,1.272230797366536,-1.4417802926318743
3,2023-06,"ARIMA(1,1,1)",0.7645640566410066,1.272230797366536,0.5076667407255293
3,2023-06,Ridge,1.259391946568226,1.272230797366536,0.0128388507983099
3,2023-06,SVR (RBF),1.32127540050478,1.272230797366536,-0.0490446031382441
3,2023-06,Random forest,1.451164757639672,1.272230797366536,-0.1789339602731361
3,2023-06,Gradient boosting,1.5430451795646791,1.272230797366536,-0.2708143821981434
3,2023-08,Random walk (no change),0.0,0.4331744715850849,0.4331744715850849
3,2023-08,Drift (24m mean),2.456328036417473,0.4331744715850849,-2.023153564832388
3,2023-08,"ARIMA(1,1,1)",2.6390687367197643,0.4331744715850849,-2.20589426513468
3,2023-08,Ridge,2.512918372621163,0.4331744715850849,-2.079743901036078
3,2023-08,SVR (RBF),1.5092727049771837,0.4331744715850849,-1.0760982333920983
3,2023-08,Random forest,1.597020659973404,0.4331744715850849,-1.163846188388319
3,2023-08,Gradient boosting,1.4629821423741871,0.4331744715850849,-1.0298076707891024
3,2023-10,Random walk (no change),0.0,0.896250585916647,0.896250585916647
3,2023-10,Drift (24m mean),2.162044910355587,0.896250585916647,-1.2657943244389402
3,2023-10,"ARIMA(1,1,1)",0.4122549781936868,0.896250585916647,0.4839956077229601
3,2023-10,Ridge,1.245347674388182,0.896250585916647,-0.349097088471535
3,2023-10,SVR (RBF),1.15898197740687,0.896250585916647,-0.2627313914902229
3,2023-10,Random forest,1.4393003183084914,0.896250585916647,-0.5430497323918444
3,2023-10,Gradient boosting,1.0508032600968926,0.896250585916647,-0.1545526741802456
3,2023-12,Random walk (no change),0.0,0.1877281188747304,0.1877281188747304
3,2023-12,Drift (24m mean),1.908445930517581,0.1877281188747304,-1.7207178116428503
3,2023-12,"ARIMA(1,1,1)",0.7829853019813982,0.1877281188747304,-0.5952571831066678
3,2023-12,Ridge,1.5629639890503308,0.1877281188747304,-1.3752358701756004
3,2023-12,SVR (RBF),1.3840316478760857,0.1877281188747304,-1.196303529001355
3,2023-12,Random forest,1.5170548639427872,0.1877281188747304,-1.3293267450680568
3,2023-12,Gradient boosting,1.4127746548168325,0.1877281188747304,-1.225046535942102
3,2024-02,Random walk (no change),0.0,0.5141966554532029,0.5141966554532029
3,2024-02,Drift (24m mean),1.5362735238626783,0.5141966554532029,-1.0220768684094754
3,2024-02,"ARIMA(1,1,1)",0.9342845000260808,0.5141966554532029,-0.4200878445728779
3,2024-02,Ridge,0.7026416451507436,0.5141966554532029,-0.1884449896975406
3,2024-02,SVR (RBF),0.8180450944343582,0.5141966554532029,-0.3038484389811553
3,2024-02,Random forest,1.123081828569854,0.5141966554532029,-0.6088851731166511
3,2024-02,Gradient boosting,0.907396344160202,0.5141966554532029,-0.393199688706999
3,2024-04,Random walk (no change),0.0,0.7927951335098271,0.7927951335098271
3,2024-04,Drift (24m mean),1.2420464457869709,0.7927951335098271,-0.4492513122771435
3,2024-04,"ARIMA(1,1,1)",0.1786050178424147,0.7927951335098271,0.6141901156674123
3,2024-04,Ridge,0.2113121842235671,0.7927951335098271,0.58148294928626
3,2024-04,SVR (RBF),0.3664112328583608,0.7927951335098271,0.4263839006514663
3,2024-04,Random forest,0.7101127050312004,0.7927951335098271,0.0826824284786267
3,2024-04,Gradient boosting,0.5395477469766476,0.7927951335098271,0.2532473865331794
3,2024-06,Random walk (no change),0.0,0.1941660023896396,0.1941660023896396
3,2024-06,Drift (24m mean),1.081632183728683,0.1941660023896396,-0.8874661813390434
3,2024-06,"ARIMA(1,1,1)",0.4652956121566944,0.1941660023896396,-0.2711296097670548
3,2024-06,Ridge,0.622474548445096,0.1941660023896396,-0.4283085460554563
3,2024-06,SVR (RBF),0.9259318367568996,0.1941660023896396,-0.73176583436726
3,2024-06,Random forest,0.5516607110638522,0.1941660023896396,-0.3574947086742125
3,2024-06,Gradient boosting,0.9460166390361944,0.1941660023896396,-0.7518506366465547
3,2024-08,Random walk (no change),0.0,0.0126441453895065,0.0126441453895065
3,2024-08,Drift (24m mean),1.0319417680574687,0.0126441453895065,-1.0192976226679622
3,2024-08,"ARIMA(1,1,1)",0.5780816612582385,0.0126441453895065,-0.5654375158687319
3,2024-08,Ridge,0.5288555972006621,0.0126441453895065,-0.5162114518111556
3,2024-08,SVR (RBF),0.5085435767505677,0.0126441453895065,-0.4958994313610612
3,2024-08,Random forest,0.5038958121752438,0.0126441453895065,-0.4912516667857373
3,2024-08,Gradient boosting,0.2143245952816639,0.0126441453895065,-0.2016804498921573
3,2024-10,Random walk (no change),0.0,0.6278890656375324,0.6278890656375324
3,2024-10,Drift (24m mean),0.9346613269530716,0.6278890656375324,-0.3067722613155391
3,2024-10,"ARIMA(1,1,1)",0.1098250616824429,0.6278890656375324,0.5180640039550894
3,2024-10,Ridge,0.3713033996941183,0.6278890656375324,0.2565856659434141
3,2024-10,SVR (RBF),0.6463303629993815,0.6278890656375324,-0.018441297361849
3,2024-10,Random forest,0.6229035865196477,0.6278890656375324,0.0049854791178847
3,2024-10,Gradient boosting,0.5009921768563946,0.6278890656375324,0.1268968887811378
3,2024-12,Random walk (no change),0.0,2.013681885647856,2.013681885647856
3,2024-12,Drift (24m mean),0.8383729615327776,2.013681885647856,1.175308924115078
3,2024-12,"ARIMA(1,1,1)",0.0532100771689556,2.013681885647856,1.9604718084789
3,2024-12,Ridge,0.1171310300490442,2.013681885647856,1.8965508555988115
3,2024-12,SVR (RBF),0.5999230577146913,2.013681885647856,1.4137588279331643
3,2024-12,Random forest,0.5631559090293768,2.013681885647856,1.4505259766184788
3,2024-12,Gradient boosting,0.5833722950090459,2.013681885647856,1.4303095906388097
3,2025-02,Random walk (no change),0.0,4.801742935489894,4.801742935489894
3,2025-02,Drift (24m mean),0.8759131750761632,4.801742935489894,3.9258297604137313
3,2025-02,"ARIMA(1,1,1)",0.4866081075650186,4.801742935489894,4.315134827924876
3,2025-02,Ridge,0.8574230385511568,4.801742935489894,3.9443198969387376
3,2025-02,SVR (RBF),0.8352621124649562,4.801742935489894,3.966480823024938
3,2025-02,Random forest,1.183042146160196,4.801742935489894,3.618700789329698
3,2025-02,Gradient boosting,1.5768824499438978,4.801742935489894,3.224860485545997
3,2025-04,Random walk (no change),0.0,5.076928964550032,5.076928964550032
3,2025-04,Drift (24m mean),1.2018853915240084,5.076928964550032,3.875043573026023
3,2025-04,"ARIMA(1,1,1)",0.9736224946802848,5.076928964550032,4.103306469869747
3,2025-04,Ridge,2.392686309418847,5.076928964550032,2.6842426551311847
3,2025-04,SVR (RBF),1.361015744885144,5.076928964550032,3.715913219664888
3,2025-04,Random forest,1.2827236465388987,5.076928964550032,3.794205318011133
3,2025-04,Gradient boosting,1.7790603297009675,5.076928964550032,3.297868634849064
6,2017-01,Random walk (no change),0.0,0.8486283941269157,0.8486283941269157
6,2017-01,Drift (24m mean),0.2442704036107172,0.8486283941269157,0.6043579905161985
6,2017-01,"ARIMA(1,1,1)",1.3488744785404378,0.8486283941269157,-0.5002460844135221
6,2017-01,Ridge,-0.0900170214519989,0.8486283941269157,0.9386454155789148
6,2017-01,SVR (RBF),0.5687050674704371,0.8486283941269157,0.2799233266564785
6,2017-01,Random forest,0.3631239547063777,0.8486283941269157,0.485504439420538
6,2017-01,Gradient boosting,0.5407371669788699,0.8486283941269157,0.3078912271480458
6,2017-03,Random walk (no change),0.0,1.4149181238031885,1.4149181238031885
6,2017-03,Drift (24m mean),0.3101957933579998,1.4149181238031885,1.1047223304451883
6,2017-03,"ARIMA(1,1,1)",0.4167879716220568,1.4149181238031885,0.9981301521811314
6,2017-03,Ridge,-1.268312756562339,1.4149181238031885,2.683230880365527
6,2017-03,SVR (RBF),0.3356006343535913,1.4149181238031885,1.079317489449597
6,2017-03,Random forest,0.5021528341348608,1.4149181238031885,0.9127652896683276
6,2017-03,Gradient boosting,0.4921234750156624,1.4149181238031885,0.9227946487875258
6,2017-05,Random walk (no change),0.0,1.6838428926158056,1.6838428926158056
6,2017-05,Drift (24m mean),0.4840343430844311,1.6838428926158056,1.1998085495313744
6,2017-05,"ARIMA(1,1,1)",0.7071447794189112,1.6838428926158056,0.9766981131968944
6,2017-05,Ridge,-0.847848769672113,1.6838428926158056,2.531691662287918
6,2017-05,SVR (RBF),0.4282013007807108,1.6838428926158056,1.2556415918350947
6,2017-05,Random forest,0.6151267875360003,1.6838428926158056,1.0687161050798053
6,2017-05,Gradient boosting,0.5488777268194712,1.6838428926158056,1.1349651657963342
6,2017-07,Random walk (no change),0.0,2.083159118375333,2.083159118375333
6,2017-07,Drift (24m mean),0.7061817361189382,2.083159118375333,1.3769773822563949
6,2017-07,"ARIMA(1,1,1)",0.2154957122619976,2.083159118375333,1.8676634061133357
6,2017-07,Ridge,0.0361923619039012,2.083159118375333,2.046966756471432
6,2017-07,SVR (RBF),0.6068606831144346,2.083159118375333,1.4762984352608983
6,2017-07,Random forest,1.0224464517183018,2.083159118375333,1.060712666657031
6,2017-07,Gradient boosting,0.8794813199861791,2.083159118375333,1.2036777983891538
6,2017-09,Random walk (no change),0.0,2.772676313070477,2.772676313070477
6,2017-09,Drift (24m mean),0.976317562661988,2.772676313070477,1.7963587504084888
6,2017-09,"ARIMA(1,1,1)",0.8134348583815836,2.772676313070477,1.9592414546888928
6,2017-09,Ridge,1.4641678325455287,2.772676313070477,1.308508480524948
6,2017-09,SVR (RBF),1.2876502676107355,2.772676313070477,1.4850260454597413
6,2017-09,Random forest,1.6462034678833333,2.772676313070477,1.1264728451871435
6,2017-09,Gradient boosting,1.71448106612157,2.772676313070477,1.0581952469489069
6,2017-11,Random walk (no change),0.0,3.6075209387940177,3.6075209387940177
6,2017-11,Drift (24m mean),1.23344748861887,3.6075209387940177,2.374073450175148
6,2017-11,"ARIMA(1,1,1)",0.8163051503729548,3.6075209387940177,2.791215788421063
6,2017-11,Ridge,0.7979776894276155,3.6075209387940177,2.8095432493664023
6,2017-11,SVR (RBF),1.2184667679956145,3.6075209387940177,2.389054170798403
6,2017-11,Random forest,1.662974879196082,3.6075209387940177,1.944546059597936
6,2017-11,Gradient boosting,1.6365489461037583,3.6075209387940177,1.9709719926902596
6,2018-01,Random walk (no change),0.0,3.608676943470268,3.608676943470268
6,2018-01,Drift (24m mean),1.5097795605251891,3.608676943470268,2.098897382945079
6,2018-01,"ARIMA(1,1,1)",0.9454496437479064,3.608676943470268,2.6632272997223616
6,2018-01,Ridge,0.8195993384242475,3.608676943470268,2.7890776050460206
6,2018-01,SVR (RBF),1.1303996619507108,3.608676943470268,2.4782772815195573
6,2018-01,Random forest,1.5320196188615804,3.608676943470268,2.0766573246086875
6,2018-01,Gradient boosting,1.568750203017975,3.608676943470268,2.039926740452293
6,2018-03,Random walk (no change),0.0,2.295309071487317,2.295309071487317
6,2018-03,Drift (24m mean),1.7407442034604277,2.295309071487317,0.5545648680268893
6,2018-03,"ARIMA(1,1,1)",1.123091784937742,2.295309071487317,1.172217286549575
6,2018-03,Ridge,0.8874079785037191,2.295309071487317,1.407901092983598
6,2018-03,SVR (RBF),1.3515668681776627,2.295309071487317,0.9437422033096544
6,2018-03,Random forest,0.3831367191753874,2.295309071487317,1.9121723523119296
6,2018-03,Gradient boosting,0.1976878597687369,2.295309071487317,2.09762121171858
6,2018-05,Random walk (no change),0.0,1.4184825320815886,1.4184825320815886
6,2018-05,Drift (24m mean),1.9011396456246423,1.4184825320815886,-0.4826571135430537
6,2018-05,"ARIMA(1,1,1)",2.190020746900643,1.4184825320815886,-0.7715382148190546
6,2018-05,Ridge,1.3783414541551209,1.4184825320815886,0.0401410779264677
6,2018-05,SVR (RBF),0.7581970240855387,1.4184825320815886,0.6602855079960499
6,2018-05,Random forest,0.6461646504317226,1.4184825320815886,0.772317881649866
6,2018-05,Gradient boosting,0.5329268571199324,1.4184825320815886,0.8855556749616562
6,2018-07,Random walk (no change),0.0,1.2876971780384494,1.2876971780384494
6,2018-07,Drift (24m mean),1.9796485149037424,1.2876971780384494,-0.6919513368652932
6,2018-07,"ARIMA(1,1,1)",1.125738420997834,1.2876971780384494,0.1619587570406153
6,2018-07,Ridge,1.7908474144290096,1.2876971780384494,-0.5031502363905602
6,2018-07,SVR (RBF),1.7133389172726496,1.2876971780384494,-0.4256417392342002
6,2018-07,Random forest,-0.5114872173382936,1.2876971780384494,1.799184395376743
6,2018-07,Gradient boosting,-0.8793563066713184,1.2876971780384494,2.167053484709768
6,2018-09,Random walk (no change),0.0,1.678672419748528,1.678672419748528
6,2018-09,Drift (24m mean),1.9882638057592237,1.678672419748528,-0.3095913860106953
6,2018-09,"ARIMA(1,1,1)",1.0767575833117462,1.678672419748528,0.6019148364367819
6,2018-09,Ridge,1.6868119125573635,1.678672419748528,-0.0081394928088354
6,2018-09,SVR (RBF),1.8121426453651035,1.678672419748528,-0.1334702256165751
6,2018-09,Random forest,1.599408250681229,1.678672419748528,0.079264169067299
6,2018-09,Gradient boosting,1.6163854131891071,1.678672419748528,0.0622870065594209
6,2018-11,Random walk (no change),0.0,1.4491407270574186,1.4491407270574186
6,2018-11,Drift (24m mean),2.006947550687984,1.4491407270574186,-0.5578068236305653
6,2018-11,"ARIMA(1,1,1)",0.2800871407453655,1.4491407270574186,1.169053586312053
6,2018-11,Ridge,2.3807400361644406,1.4491407270574186,-0.931599309107022
6,2018-11,SVR (RBF),2.043102397939555,1.4491407270574186,-0.5939616708821363
6,2018-11,Random forest,0.7591595984998023,1.4491407270574186,0.6899811285576163
6,2018-11,Gradient boosting,0.6192637692924128,1.4491407270574186,0.8298769577650058
6,2019-01,Random walk (no change),0.0,0.8514145176201193,0.8514145176201193
6,2019-01,Drift (24m mean),2.012393721055776,0.8514145176201193,-1.1609792034356563
6,2019-01,"ARIMA(1,1,1)",1.2723746784508307,0.8514145176201193,-0.4209601608307114
6,2019-01,Ridge,2.4844479994323416,0.8514145176201193,-1.6330334818122223
6,2019-01,SVR (RBF),1.5058655596408408,0.8514145176201193,-0.6544510420207215
6,2019-01,Random forest,1.5119835694513897,0.8514145176201193,-0.6605690518312701
6,2019-01,Gradient boosting,1.2774548149116531,0.8514145176201193,-0.4260402972915338
6,2019-03,Random walk (no change),0.0,0.0865547624961493,0.0865547624961493
6,2019-03,Drift (24m mean),2.0126258980135425,0.0865547624961493,-1.9260711355173927
6,2019-03,"ARIMA(1,1,1)",0.8788473503225873,0.0865547624961493,-0.792292587826438
6,2019-03,Ridge,2.631476289819616,0.0865547624961493,-2.544921527323466
6,2019-03,SVR (RBF),1.366265298423607,0.0865547624961493,-1.2797105359274576
6,2019-03,Random forest,1.6676723794485002,0.0865547624961493,-1.5811176169523509
6,2019-03,Gradient boosting,1.2981622458182844,0.0865547624961493,-1.211607483322135
6,2019-05,Random walk (no change),0.0,-0.0874617320655524,-0.0874617320655524
6,2019-05,Drift (24m mean),1.901928951237956,-0.0874617320655524,-1.989390683303508
6,2019-05,"ARIMA(1,1,1)",1.102863733747256,-0.0874617320655524,-1.1903254658128084
6,2019-05,Ridge,1.1664368258079012,-0.0874617320655524,-1.2538985578734536
6,2019-05,SVR (RBF),1.2089244750646853,-0.0874617320655524,-1.2963862071302377
6,2019-05,Random forest,2.1534154805593886,-0.0874617320655524,-2.240877212624941
6,2019-05,Gradient boosting,1.8645757348807237,-0.0874617320655524,-1.952037466946276
6,2019-07,Random walk (no change),0.0,0.5570277565979609,0.5570277565979609
6,2019-07,Drift (24m mean),1.7543202325145095,0.5570277565979609,-1.1972924759165486
6,2019-07,"ARIMA(1,1,1)",0.1548629329583946,0.5570277565979609,0.4021648236395663
6,2019-07,Ridge,1.2538803960891187,0.5570277565979609,-0.6968526394911578
6,2019-07,SVR (RBF),1.141890474239628,0.5570277565979609,-0.5848627176416672
6,2019-07,Random forest,1.25676780846621,0.5570277565979609,-0.6997400518682491
6,2019-07,Gradient boosting,1.0111795052778365,0.5570277565979609,-0.4541517486798754
6,2019-09,Random walk (no change),0.0,1.1225729907387905,1.1225729907387905
6,2019-09,Drift (24m mean),1.6271426190330616,1.1225729907387905,-0.5045696282942711
6,2019-09,"ARIMA(1,1,1)",-0.4134393391834692,1.1225729907387905,1.5360123299222597
6,2019-09,Ridge,2.2922408491136257,1.1225729907387905,-1.1696678583748352
6,2019-09,SVR (RBF),1.7572919804916776,1.1225729907387905,-0.6347189897528871
6,2019-09,Random forest,0.8133691269940695,1.1225729907387905,0.309203863744721
6,2019-09,Gradient boosting,0.5854411854602549,1.1225729907387905,0.5371318052785355
6,2019-11,Random walk (no change),0.0,0.7218355298182821,0.7218355298182821
6,2019-11,Drift (24m mean),1.4896340088387543,0.7218355298182821,-0.7677984790204724
6,2019-11,"ARIMA(1,1,1)",-0.0981868593818262,0.7218355298182821,0.8200223892001084
6,2019-11,Ridge,2.189561483156349,0.7218355298182821,-1.4677259533380669
6,2019-11,SVR (RBF),1.0591701806451133,0.7218355298182821,-0.3373346508268311
6,2019-11,Random forest,1.0629987505696852,0.7218355298182821,-0.341163220751403
6,2019-11,Gradient boosting,0.7925290126786528,0.7218355298182821,-0.0706934828603707
6,2020-01,Random walk (no change),0.0,0.7132876969376589,0.7132876969376589
6,2020-01,Drift (24m mean),1.2491602247574434,0.7132876969376589,-0.5358725278197844
6,2020-01,"ARIMA(1,1,1)",0.3753939184189221,0.7132876969376589,0.3378937785187368
6,2020-01,Ridge,1.1591284359534495,0.7132876969376589,-0.4458407390157906
6,2020-01,SVR (RBF),0.6456493001094536,0.7132876969376589,0.0676383968282052
6,2020-01,Random forest,0.8012009452048487,0.7132876969376589,-0.0879132482671898
6,2020-01,Gradient boosting,0.6618600110587206,0.7132876969376589,0.0514276858789383
6,2020-03,Random walk (no change),0.0,0.554129263245029,0.554129263245029
6,2020-03,Drift (24m mean),1.0078777875463925,0.554129263245029,-0.4537485243013635
6,2020-03,"ARIMA(1,1,1)",1.1631196754277084,0.554129263245029,-0.6089904121826795
6,2020-03,Ridge,0.0838038867967345,0.554129263245029,0.4703253764482944
6,2020-03,SVR (RBF),0.2479535811666914,0.554129263245029,0.3061756820783375
6,2020-03,Random forest,0.131305571785783,0.554129263245029,0.4228236914592459
6,2020-03,Gradient boosting,0.0681419155311,0.554129263245029,0.4859873477139289
6,2020-05,Random walk (no change),0.0,1.642962017514371,1.642962017514371
6,2020-05,Drift (24m mean),0.8627794701928685,1.642962017514371,0.7801825473215026
6,2020-05,"ARIMA(1,1,1)",0.3084172660909985,1.642962017514371,1.3345447514233726
6,2020-05,Ridge,0.0348322590908488,1.642962017514371,1.6081297584235223
6,2020-05,SVR (RBF),0.6647121790412673,1.642962017514371,0.9782498384731038
6,2020-05,Random forest,0.6037929223695973,1.642962017514371,1.0391690951447738
6,2020-05,Gradient boosting,0.5180073638413336,1.642962017514371,1.1249546536730377
6,2020-07,Random walk (no change),0.0,2.562148287419808,2.562148287419808
6,2020-07,Drift (24m mean),0.8814860939789337,2.562148287419808,1.680662193440874
6,2020-07,"ARIMA(1,1,1)",-0.2099324306078074,2.562148287419808,2.772080718027615
6,2020-07,Ridge,1.2774841878155745,2.562148287419808,1.2846640996042331
6,2020-07,SVR (RBF),1.201404411756352,2.562148287419808,1.3607438756634556
6,2020-07,Random forest,0.8476173461851041,2.562148287419808,1.7145309412347034
6,2020-07,Gradient boosting,1.210981288386797,2.562148287419808,1.3511669990330106
6,2020-09,Random walk (no change),0.0,4.703957512057455,4.703957512057455
6,2020-09,Drift (24m mean),0.987690353094047,4.703957512057455,3.716267158963408
6,2020-09,"ARIMA(1,1,1)",0.8137606261112182,4.703957512057455,3.890196885946237
6,2020-09,Ridge,1.0561389810010997,4.703957512057455,3.6478185310563553
6,2020-09,SVR (RBF),1.4859349774475088,4.703957512057455,3.218022534609946
6,2020-09,Random forest,1.681259957242244,4.703957512057455,3.022697554815211
6,2020-09,Gradient boosting,1.858305104323676,4.703957512057455,2.8456524077337795
6,2020-11,Random walk (no change),0.0,7.201846376826815,7.201846376826815
6,2020-11,Drift (24m mean),1.2397974441197908,7.201846376826815,5.962048932707024
6,2020-11,"ARIMA(1,1,1)",0.2217185703798918,7.201846376826815,6.980127806446923
6,2020-11,Ridge,2.0127539797821496,7.201846376826815,5.189092397044665
6,2020-11,SVR (RBF),1.6101941457159068,7.201846376826815,5.591652231110908
6,2020-11,Random forest,2.2662044894676114,7.201846376826815,4.935641887359203
6,2020-11,Gradient boosting,2.51790047232086,7.201846376826815,4.683945904505956
6,2021-01,Random walk (no change),0.0,8.816214215390517,8.816214215390517
6,2021-01,Drift (24m mean),1.719189581600574,8.816214215390517,7.097024633789943
6,2021-01,"ARIMA(1,1,1)",1.0780801313682673,8.816214215390517,7.738134084022249
6,2021-01,Ridge,2.846371088151717,8.816214215390517,5.969843127238799
6,2021-01,SVR (RBF),1.584200349570693,8.816214215390517,7.232013865819824
6,2021-01,Random forest,1.5995780599262657,8.816214215390517,7.216636155464251
6,2021-01,Gradient boosting,1.583138078612575,8.816214215390517,7.233076136777941
6,2021-03,Random walk (no change),0.0,9.39222388112917,9.39222388112917
6,2021-03,Drift (24m mean),2.382922889748107,9.39222388112917,7.009300991381062
6,2021-03,"ARIMA(1,1,1)",2.631240122667577,9.39222388112917,6.760983758461592
6,2021-03,Ridge,3.0607812767771527,9.39222388112917,6.331442604352016
6,2021-03,SVR (RBF),1.345854276808801,9.39222388112917,8.046369604320368
6,2021-03,Random forest,1.952029977240017,9.39222388112917,7.440193903889153
6,2021-03,Gradient boosting,2.255670393964444,9.39222388112917,7.136553487164726
6,2021-05,Random walk (no change),0.0,8.608004545778902,8.608004545778902
6,2021-05,Drift (24m mean),3.1583953163008585,8.608004545778902,5.449609229478044
6,2021-05,"ARIMA(1,1,1)",4.71047408423658,8.608004545778902,3.8975304615423214
6,2021-05,Ridge,5.131683443330533,8.608004545778902,3.4763211024483693
6,2021-05,SVR (RBF),1.004269048636958,8.608004545778902,7.603735497141944
6,2021-05,Random forest,2.578479242654514,8.608004545778902,6.029525303124388
6,2021-05,Gradient boosting,5.266918530792289,8.608004545778902,3.341086014986613
6,2021-07,Random walk (no change),0.0,8.324542179326633,8.324542179326633
6,2021-07,Drift (24m mean),3.8830175061212295,8.324542179326633,4.441524673205404
6,2021-07,"ARIMA(1,1,1)",7.588489711070622,8.324542179326633,0.7360524682560108
6,2021-07,Ridge,4.2011922439920415,8.324542179326633,4.123349935334591
6,2021-07,SVR (RBF),1.0717965382112784,8.324542179326633,7.252745641115355
6,2021-07,Random forest,6.237762529688748,8.324542179326633,2.0867796496378848
6,2021-07,Gradient boosting,5.016957978395993,8.324542179326633,3.3075842009306395
6,2021-09,Random walk (no change),0.0,8.376408580708272,8.376408580708272
6,2021-09,Drift (24m mean),4.530310374681952,8.376408580708272,3.84609820602632
6,2021-09,"ARIMA(1,1,1)",6.49703718611994,8.376408580708272,1.8793713945883328
6,2021-09,Ridge,5.857093709516208,8.376408580708272,2.519314871192064
6,2021-09,SVR (RBF),1.4467547651685309,8.376408580708272,6.929653815539742
6,2021-09,Random forest,6.556193131145642,8.376408580708272,1.82021544956263
6,2021-09,Gradient boosting,4.263145324283252,8.376408580708272,4.11326325642502
6,2021-11,Random walk (no change),0.0,8.45411244254799,8.45411244254799
6,2021-11,Drift (24m mean),5.134796673846076,8.45411244254799,3.319315768701914
6,2021-11,"ARIMA(1,1,1)",6.973127667195683,8.45411244254799,1.4809847753523062
6,2021-11,Ridge,6.419797478837326,8.45411244254799,2.0343149637106634
6,2021-11,SVR (RBF),2.151780371782199,8.45411244254799,6.302332070765791
6,2021-11,Random forest,7.63343590315408,8.45411244254799,0.8206765393939097
6,2021-11,Gradient boosting,9.084154967933578,8.45411244254799,-0.6300425253855888
6,2022-01,Random walk (no change),0.0,7.120883221117991,7.120883221117991
6,2022-01,Drift (24m mean),5.779153083240218,7.120883221117991,1.3417301378777724
6,2022-01,"ARIMA(1,1,1)",4.891975410075588,7.120883221117991,2.2289078110424025
6,2022-01,Ridge,5.099918647169307,7.120883221117991,2.0209645739486835
6,2022-01,SVR (RBF),1.6876820442174827,7.120883221117991,5.433201176900508
6,2022-01,Random forest,8.14279271136792,7.120883221117991,-1.0219094902499286
6,2022-01,Gradient boosting,6.726952383829232,7.120883221117991,0.3939308372887584
6,2022-03,Random walk (no change),0.0,4.248716189883695,4.248716189883695
6,2022-03,Drift (24m mean),6.313119376921912,4.248716189883695,-2.0644031870382173
6,2022-03,"ARIMA(1,1,1)",7.062660235230169,4.248716189883695,-2.8139440453464744
6,2022-03,Ridge,7.693324803024786,4.248716189883695,-3.444608613141092
6,2022-03,SVR (RBF),2.681534635631792,4.248716189883695,1.5671815542519023
6,2022-03,Random forest,7.777360368870106,4.248716189883695,-3.528644178986412
6,2022-03,Gradient boosting,6.885019573347044,4.248716189883695,-2.63630338346335
6,2022-05,Random walk (no change),0.0,3.076344137742426,3.076344137742426
6,2022-05,Drift (24m mean),6.621001620808468,3.076344137742426,-3.5446574830660422
6,2022-05,"ARIMA(1,1,1)",7.470092393020593,3.076344137742426,-4.393748255278167
6,2022-05,Ridge,5.063900419254445,3.076344137742426,-1.987556281512019
6,2022-05,SVR (RBF),3.051479899131559,3.076344137742426,0.024864238610867
6,2022-05,Random forest,6.022232939388427,3.076344137742426,-2.945888801646001
6,2022-05,Gradient boosting,4.305121377521088,3.076344137742426,-1.2287772397786618
6,2022-07,Random walk (no change),0.0,2.387981144648599,2.387981144648599
6,2022-07,Drift (24m mean),6.7404501308274725,2.387981144648599,-4.352468986178874
6,2022-07,"ARIMA(1,1,1)",6.082862176705476,2.387981144648599,-3.694881032056877
6,2022-07,Ridge,3.835796540885904,2.387981144648599,-1.4478153962373046
6,2022-07,SVR (RBF),2.56237802629519,2.387981144648599,-0.174396881646591
6,2022-07,Random forest,2.426761641264457,2.387981144648599,-0.0387804966158582
6,2022-07,Gradient boosting,1.7772753835295312,2.387981144648599,0.6107057611190676
6,2022-09,Random walk (no change),0.0,3.3342261416661856,3.3342261416661856
6,2022-09,Drift (24m mean),6.725936202263205,3.3342261416661856,-3.39171006059702
6,2022-09,"ARIMA(1,1,1)",3.624994226654167,3.3342261416661856,-0.290768084987981
6,2022-09,Ridge,3.654078472835158,3.3342261416661856,-0.3198523311689722
6,2022-09,SVR (RBF),2.246033518615075,3.3342261416661856,1.0881926230511103
6,2022-09,Random forest,1.7877175231525886,3.3342261416661856,1.546508618513597
6,2022-09,Gradient boosting,1.4535711057200915,3.3342261416661856,1.8806550359460936
6,2022-11,Random walk (no change),0.0,2.316708065311346,2.316708065311346
6,2022-11,Drift (24m mean),6.611791921397266,2.316708065311346,-4.29508385608592
6,2022-11,"ARIMA(1,1,1)",-0.1532004119162593,2.316708065311346,2.469908477227605
6,2022-11,Ridge,6.72242359100957,2.316708065311346,-4.405715525698224
6,2022-11,SVR (RBF),2.669844408438423,2.316708065311346,-0.3531363431270771
6,2022-11,Random forest,3.979684332896436,2.316708065311346,-1.6629762675850897
6,2022-11,Gradient boosting,3.68638152358896,2.316708065311346,-1.3696734582776138
6,2023-01,Random walk (no change),0.0,4.090190796863746,4.090190796863746
6,2023-01,Drift (24m mean),6.20469706210431,4.090190796863746,-2.1145062652405637
6,2023-01,"ARIMA(1,1,1)",2.51741123851906,4.090190796863746,1.5727795583446866
6,2023-01,Ridge,4.146889919098506,4.090190796863746,-0.0566991222347592
6,2023-01,SVR (RBF),2.324353397583121,4.090190796863746,1.7658373992806249
6,2023-01,Random forest,3.0173309727371764,4.090190796863746,1.07285982412657
6,2023-01,Gradient boosting,2.626222610203551,4.090190796863746,1.4639681866601952
6,2023-03,Random walk (no change),0.0,2.712428940001832,2.712428940001832
6,2023-03,Drift (24m mean),5.810861777227079,2.712428940001832,-3.098432837225247
6,2023-03,"ARIMA(1,1,1)",2.297668171202531,2.712428940001832,0.4147607687993009
6,2023-03,Ridge,3.393596091619067,2.712428940001832,-0.6811671516172351
6,2023-03,SVR (RBF),2.6894406190504467,2.712428940001832,0.0229883209513852
6,2023-03,Random forest,3.197465963375313,2.712428940001832,-0.4850370233734811
6,2023-03,Gradient boosting,2.7252416036372007,2.712428940001832,-0.0128126636353687
6,2023-05,Random walk (no change),0.0,3.0537358575585483,3.0537358575585483
6,2023-05,Drift (24m mean),5.254212198799801,3.0537358575585483,-2.200476341241253
6,2023-05,"ARIMA(1,1,1)",2.428623950330575,3.0537358575585483,0.6251119072279732
6,2023-05,Ridge,2.3881579987992305,3.0537358575585483,0.6655778587593177
6,2023-05,SVR (RBF),2.019760848845297,3.0537358575585483,1.033975008713251
6,2023-05,Random forest,3.302880942315869,3.0537358575585483,-0.2491450847573206
6,2023-05,Gradient boosting,2.3059192621938136,3.0537358575585483,0.7478165953647347
6,2023-07,Random walk (no change),0.0,1.029136139258835,1.029136139258835
6,2023-07,Drift (24m mean),4.791356474781439,1.029136139258835,-3.762220335522604
6,2023-07,"ARIMA(1,1,1)",0.7301020739120077,1.029136139258835,0.2990340653468273
6,2023-07,Ridge,5.413949194522545,1.029136139258835,-4.38481305526371
6,2023-07,SVR (RBF),2.7314533350777674,1.029136139258835,-1.7023171958189325
6,2023-07,Random forest,5.157446380397276,1.029136139258835,-4.128310241138441
6,2023-07,Gradient boosting,4.764500711525344,1.029136139258835,-3.735364572266509
6,2023-09,Random walk (no change),0.0,1.242826681086795,1.242826681086795
6,2023-09,Drift (24m mean),4.183405971442455,1.242826681086795,-2.94057929035566
6,2023-09,"ARIMA(1,1,1)",4.539704703987695,1.242826681086795,-3.2968780229009003
6,2023-09,Ridge,3.16475608447362,1.242826681086795,-1.9219294033868244
6,2023-09,SVR (RBF),2.365853512929924,1.242826681086795,-1.123026831843129
6,2023-09,Random forest,3.053549208685248,1.242826681086795,-1.810722527598453
6,2023-09,Gradient boosting,1.8758695452631216,1.242826681086795,-0.6330428641763266
6,2023-11,Random walk (no change),0.0,1.048832137994804,1.048832137994804
6,2023-11,Drift (24m mean),3.588940813140665,1.048832137994804,-2.540108675145861
6,2023-11,"ARIMA(1,1,1)",1.320472722070008,1.048832137994804,-0.2716405840752038
6,2023-11,Ridge,2.631541482480932,1.048832137994804,-1.582709344486128
6,2023-11,SVR (RBF),2.018054333052937,1.048832137994804,-0.969222195058133
6,2023-11,Random forest,2.9630183528665923,1.048832137994804,-1.9141862148717883
6,2023-11,Gradient boosting,3.109885760258824,1.048832137994804,-2.06105362226402
6,2024-01,Random walk (no change),0.0,0.9699689417677072,0.9699689417677072
6,2024-01,Drift (24m mean),2.9718341210945667,0.9699689417677072,-2.00186517932686
6,2024-01,"ARIMA(1,1,1)",1.1852887461123487,0.9699689417677072,-0.2153198043446416
6,2024-01,Ridge,1.770089022690644,0.9699689417677072,-0.800120080922937
6,2024-01,SVR (RBF),1.9294359040240596,0.9699689417677072,-0.9594669622563524
6,2024-01,Random forest,2.3826035071987,0.9699689417677072,-1.4126345654309929
6,2024-01,Gradient boosting,1.9136547784065532,0.9699689417677072,-0.9436858366388464
6,2024-03,Random walk (no change),0.0,0.9323615715793654,0.9323615715793654
6,2024-03,Drift (24m mean),2.4592579311487097,0.9323615715793654,-1.5268963595693443
6,2024-03,"ARIMA(1,1,1)",0.9226567645836212,0.9323615715793654,0.0097048069957441
6,2024-03,Ridge,0.4592559926833264,0.9323615715793654,0.4731055788960389
6,2024-03,SVR (RBF),0.929702791256234,0.9323615715793654,0.0026587803231313
6,2024-03,Random forest,1.592195482516866,0.9323615715793654,-0.6598339109375007
6,2024-03,Gradient boosting,1.358659161091351,0.9323615715793654,-0.4262975895119856
6,2024-05,Random walk (no change),0.0,0.5631496301584882,0.5631496301584882
6,2024-05,Drift (24m mean),2.182895046290016,0.5631496301584882,-1.6197454161315274
6,2024-05,"ARIMA(1,1,1)",0.5049470061855459,0.5631496301584882,0.0582026239729422
6,2024-05,Ridge,1.0712331992407,0.5631496301584882,-0.5080835690822119
6,2024-05,SVR (RBF),1.187899288533902,0.5631496301584882,-0.6247496583754137
6,2024-05,Random forest,1.550709281118886,0.5631496301584882,-0.987559650960398
6,2024-05,Gradient boosting,1.6320560192325342,0.5631496301584882,-1.068906389074046
6,2024-07,Random walk (no change),0.0,0.5443585145722629,0.5443585145722629
6,2024-07,Drift (24m mean),1.9734621706580209,0.5443585145722629,-1.429103656085758
6,2024-07,"ARIMA(1,1,1)",0.8420399084023984,0.5443585145722629,-0.2976813938301355
6,2024-07,Ridge,2.457591496682456,0.5443585145722629,-1.913232982110193
6,2024-07,SVR (RBF),0.9548381014789016,0.5443585145722629,-0.4104795869066385
6,2024-07,Random forest,0.4442563361912404,0.5443585145722629,0.1001021783810224
6,2024-07,Gradient boosting,0.2484343286636272,0.5443585145722629,0.2959241859086357
6,2024-09,Random walk (no change),0.0,2.419498134740383,2.419498134740383
6,2024-09,Drift (24m mean),1.819826951484993,2.419498134740383,0.5996711832553903
6,2024-09,"ARIMA(1,1,1)",1.1319223254440658,2.419498134740383,1.2875758092963174
6,2024-09,Ridge,0.7508677458887837,2.419498134740383,1.6686303888515996
6,2024-09,SVR (RBF),1.1453773241791456,2.419498134740383,1.2741208105612376
6,2024-09,Random forest,1.7693052498714583,2.419498134740383,0.6501928848689249
6,2024-09,Gradient boosting,1.1782962993694697,2.419498134740383,1.2412018353709136
6,2024-11,Random walk (no change),0.0,5.765772762338184,5.765772762338184
6,2024-11,Drift (24m mean),1.7435996175745094,5.765772762338184,4.022173144763674
6,2024-11,"ARIMA(1,1,1)",0.2161616651850977,5.765772762338184,5.549611097153086
6,2024-11,Ridge,0.516666120547223,5.765772762338184,5.249106641790961
6,2024-11,SVR (RBF),0.9534112618581349,5.765772762338184,4.8123615004800495
6,2024-11,Random forest,0.961043789631628,5.765772762338184,4.804728972706556
6,2024-11,Gradient boosting,0.795762140805948,5.765772762338184,4.970010621532236
6,2025-01,Random walk (no change),0.0,7.877509667073657,7.877509667073657
6,2025-01,Drift (24m mean),2.0310216756600794,7.877509667073657,5.846487991413577
6,2025-01,"ARIMA(1,1,1)",0.4506594189950874,7.877509667073657,7.426850248078569
6,2025-01,Ridge,1.6108159851412476,7.877509667073657,6.266693681932409
6,2025-01,SVR (RBF),1.146368569775079,7.877509667073657,6.731141097298577
6,2025-01,Random forest,2.7979726255526702,7.877509667073657,5.079537041520986
6,2025-01,Gradient boosting,1.8312447173572877,7.877509667073657,6.046264949716369
12,2016-09,Random walk (no change),0.0,2.8693856044065935,2.8693856044065935
12,2016-09,Drift (24m mean),0.28592930496695496,2.8693856044065935,2.5834562994396384
12,2016-09,"ARIMA(1,1,1)",0.736137003392173,2.8693856044065935,2.1332486010144205
12,2016-09,Ridge,2.467325318250073,2.8693856044065935,0.40206028615652034
12,2016-09,SVR (RBF),1.9343563195818034,2.8693856044065935,0.9350292848247901
12,2016-09,Random forest,1.738094417418869,2.8693856044065935,1.1312911869877245
12,2016-09,Gradient boosting,1.958764697316147,2.8693856044065935,0.9106209070904465
12,2016-11,Random walk (no change),0.0,3.0676295752597227,3.0676295752597227
12,2016-11,Drift (24m mean),0.5970401249032068,3.0676295752597227,2.470589450356516
12,2016-11,"ARIMA(1,1,1)",0.2695530979563614,3.0676295752597227,2.7980764773033613
12,2016-11,Ridge,1.9947771780553132,3.0676295752597227,1.0728523972044095
12,2016-11,SVR (RBF),1.9394129195421017,3.0676295752597227,1.128216655717621
12,2016-11,Random forest,2.0222688153225628,3.0676295752597227,1.04536075993716
12,2016-11,Gradient boosting,2.139338486973225,3.0676295752597227,0.9282910882864979
12,2017-01,Random walk (no change),0.0,2.9317875125022486,2.9317875125022486
12,2017-01,Drift (24m mean),0.9504521397296554,2.9317875125022486,1.9813353727725933
12,2017-01,"ARIMA(1,1,1)",1.7498361500276474,2.9317875125022486,1.1819513624746012
12,2017-01,Ridge,-0.9916927028042968,2.9317875125022486,3.9234802153065456
12,2017-01,SVR (RBF),0.40430848682144616,2.9317875125022486,2.5274790256808024
12,2017-01,Random forest,0.9548529889407861,2.9317875125022486,1.9769345235614626
12,2017-01,Gradient boosting,0.7201671029757682,2.9317875125022486,2.21162040952648
12,2017-03,Random walk (no change),0.0,4.187594436873665,4.187594436873665
12,2017-03,Drift (24m mean),1.2865133560199877,4.187594436873665,2.901081080853677
12,2017-03,"ARIMA(1,1,1)",0.5368626158678467,4.187594436873665,3.6507318210058184
12,2017-03,Ridge,-0.3693670177355428,4.187594436873665,4.556961454609208
12,2017-03,SVR (RBF),0.6900382812675989,4.187594436873665,3.497556155606066
12,2017-03,Random forest,1.3999434049722375,4.187594436873665,2.7876510319014276
12,2017-03,Gradient boosting,1.3759298810259097,4.187594436873665,2.8116645558477553
12,2017-05,Random walk (no change),0.0,5.291363831409823,5.291363831409823
12,2017-05,Drift (24m mean),1.7174818317033012,5.291363831409823,3.573881999706522
12,2017-05,"ARIMA(1,1,1)",0.9184696651583977,5.291363831409823,4.372894166251426
12,2017-05,Ridge,0.26720319572473483,5.291363831409823,5.024160635685089
12,2017-05,SVR (RBF),0.7890057621741775,5.291363831409823,4.502358069235646
12,2017-05,Random forest,2.027486139133865,5.291363831409823,3.2638776922759583
12,2017-05,Gradient boosting,2.2907407140260894,5.291363831409823,3.000623117383734
12,2017-07,Random walk (no change),0.0,5.691836061845601,5.691836061845601
12,2017-07,Drift (24m mean),2.2159612966441276,5.691836061845601,3.4758747652014734
12,2017-07,"ARIMA(1,1,1)",0.2789274236853885,5.691836061845601,5.4129086381602125
12,2017-07,Ridge,0.99238471557465,5.691836061845601,4.699451346270951
12,2017-07,SVR (RBF),1.083986103052396,5.691836061845601,4.607849958793205
12,2017-07,Random forest,2.8281739351332305,5.691836061845601,2.8636621267123705
12,2017-07,Gradient boosting,2.45838971164039,5.691836061845601,3.233446350205211
12,2017-09,Random walk (no change),0.0,5.067985384557794,5.067985384557794
12,2017-09,Drift (24m mean),2.717061766122416,5.067985384557794,2.350923618435378
12,2017-09,"ARIMA(1,1,1)",1.0597831087430905,5.067985384557794,4.008202275814703
12,2017-09,Ridge,1.4446107817444238,5.067985384557794,3.62337460281337
12,2017-09,SVR (RBF),1.2748304087603828,5.067985384557794,3.7931549757974112
12,2017-09,Random forest,3.351022250510362,5.067985384557794,1.7169631340474316
12,2017-09,Gradient boosting,2.566298235704238,5.067985384557794,2.5016871488535557
12,2017-11,Random walk (no change),0.0,5.026003470875606,5.026003470875606
12,2017-11,Drift (24m mean),3.1345871342435125,5.026003470875606,1.8914163366320937
12,2017-11,"ARIMA(1,1,1)",1.0640524788521475,5.026003470875606,3.961950992023459
12,2017-11,Ridge,1.1706369677276514,5.026003470875606,3.855366503147955
12,2017-11,SVR (RBF),1.6012358770990063,5.026003470875606,3.4247675937766
12,2017-11,Random forest,3.175884871961917,5.026003470875606,1.8501185989136895
12,2017-11,Gradient boosting,2.9905967374870643,5.026003470875606,2.035406733388542
12,2018-01,Random walk (no change),0.0,4.8963741215087175,4.8963741215087175
12,2018-01,Drift (24m mean),3.4894280754289313,4.8963741215087175,1.4069460460797862
12,2018-01,"ARIMA(1,1,1)",1.2430702369059077,4.8963741215087175,3.65330388460281
12,2018-01,Ridge,0.4931002198848301,4.8963741215087175,4.403273901623887
12,2018-01,SVR (RBF),1.523275473737206,4.8963741215087175,3.3730986477715117
12,2018-01,Random forest,3.605919839099545,4.8963741215087175,1.2904542824091725
12,2018-01,Gradient boosting,3.038276348871869,4.8963741215087175,1.8580977726368486
12,2018-03,Random walk (no change),0.0,3.973981491235845,3.973981491235845
12,2018-03,Drift (24m mean),3.729008009219651,3.973981491235845,0.24497348201619396
12,2018-03,"ARIMA(1,1,1)",1.49107480917678,3.973981491235845,2.482906682059065
12,2018-03,Ridge,-0.5169520662934091,3.973981491235845,4.490933557529254
12,2018-03,SVR (RBF),1.6005578116875314,3.973981491235845,2.3734236795483135
12,2018-03,Random forest,-0.7560042088593446,3.973981491235845,4.72998570009519
12,2018-03,Gradient boosting,-0.5414459690845832,3.973981491235845,4.515427460320428
12,2018-05,Random walk (no change),0.0,2.867623259139007,2.867623259139007
12,2018-05,Drift (24m mean),3.9080871963126262,2.867623259139007,-1.040463937173619
12,2018-05,"ARIMA(1,1,1)",2.978537525913623,2.867623259139007,-0.11091426677461591
12,2018-05,Ridge,0.939722750908885,2.867623259139007,1.9279005082301222
12,2018-05,SVR (RBF),1.657232210782862,2.867623259139007,1.210391048356145
12,2018-05,Random forest,0.3400767286783506,2.867623259139007,2.527546530460657
12,2018-05,Gradient boosting,-0.12127752186618124,2.867623259139007,2.9889007810051886
12,2018-07,Random walk (no change),0.0,2.1391116956585687,2.1391116956585687
12,2018-07,Drift (24m mean),3.992042235959518,2.1391116956585687,-1.852930540300949
12,2018-07,"ARIMA(1,1,1)",1.5082993022618325,2.1391116956585687,0.6308123933967362
12,2018-07,Ridge,1.4686526411375653,2.1391116956585687,0.6704590545210034
12,2018-07,SVR (RBF),2.556710007145894,2.1391116956585687,-0.4175983114873252
12,2018-07,Random forest,-0.5273666961418783,2.1391116956585687,2.666478391800447
12,2018-07,Gradient boosting,-0.7704838585728411,2.1391116956585687,2.9095955542314096
12,2018-09,Random walk (no change),0.0,1.7652271822446775,1.7652271822446775
12,2018-09,Drift (24m mean),4.000889703772766,1.7652271822446775,-2.2356625215280888
12,2018-09,"ARIMA(1,1,1)",1.4691842579125591,1.7652271822446775,0.2960429243321183
12,2018-09,Ridge,2.1650711736442205,1.7652271822446775,-0.3998439913995431
12,2018-09,SVR (RBF),2.3691149932786386,1.7652271822446775,-0.6038878110339612
12,2018-09,Random forest,3.387353117340247,1.7652271822446775,-1.6221259350955695
12,2018-09,Gradient boosting,2.608146274597149,1.7652271822446775,-0.8429190923524716
12,2018-11,Random walk (no change),0.0,1.3616789949918662,1.3616789949918662
12,2018-11,Drift (24m mean),3.9088765019259397,1.3616789949918662,-2.5471975069340735
12,2018-11,"ARIMA(1,1,1)",0.3764452090679242,1.3616789949918662,0.985233785923942
12,2018-11,Ridge,3.457601494016532,1.3616789949918662,-2.095922499024666
12,2018-11,SVR (RBF),2.2495789771747825,1.3616789949918662,-0.8878999821829163
12,2018-11,Random forest,1.417224136633826,1.3616789949918662,-0.055545141641959894
12,2018-11,Gradient boosting,1.1072877393386327,1.3616789949918662,0.2543912556532335
12,2019-01,Random walk (no change),0.0,1.4084422742180802,1.4084422742180802
12,2019-01,Drift (24m mean),3.766713953570285,1.4084422742180802,-2.358271679352205
12,2019-01,"ARIMA(1,1,1)",1.7357734060936423,1.4084422742180802,-0.32733113187556206
12,2019-01,Ridge,3.762546734701333,1.4084422742180802,-2.354104460483253
12,2019-01,SVR (RBF),1.7051527060135427,1.4084422742180802,-0.2967104317954625
12,2019-01,Random forest,2.198013753994899,1.4084422742180802,-0.7895714797768187
12,2019-01,Gradient boosting,0.8608620477130429,1.4084422742180802,0.5475802265050373
12,2019-03,Random walk (no change),0.0,1.2091277532349398,1.2091277532349398
12,2019-03,Drift (24m mean),3.6397685170466043,1.2091277532349398,-2.4306407638116645
12,2019-03,"ARIMA(1,1,1)",1.2046216566931207,1.2091277532349398,0.004506096541819105
12,2019-03,Ridge,4.261580492152678,1.2091277532349398,-3.0524527389177383
12,2019-03,SVR (RBF),2.079042380494899,1.2091277532349398,-0.8699146272599592
12,2019-03,Random forest,2.121814737488018,1.2091277532349398,-0.912686984253078
12,2019-03,Gradient boosting,3.05465899161886,1.2091277532349398,-1.84553123838392
12,2019-05,Random walk (no change),0.0,0.6343737977527297,0.6343737977527297
12,2019-05,Drift (24m mean),3.3915629600767105,0.6343737977527297,-2.757189162323981
12,2019-05,"ARIMA(1,1,1)",1.5234101883731341,0.6343737977527297,-0.8890363906204044
12,2019-05,Ridge,3.334854536843214,0.6343737977527297,-2.700480739090484
12,2019-05,SVR (RBF),2.1759658092820136,0.6343737977527297,-1.5415920115292838
12,2019-05,Random forest,3.0655166023293954,0.6343737977527297,-2.4311428045766657
12,2019-05,Gradient boosting,2.507460020933978,0.6343737977527297,-1.8730862231812484
12,2019-07,Random walk (no change),0.0,1.2703154535356198,1.2703154535356198
12,2019-07,Drift (24m mean),3.003480457271953,1.2703154535356198,-1.733165003736333
12,2019-07,"ARIMA(1,1,1)",0.2116507925495057,1.2703154535356198,1.0586646609861141
12,2019-07,Ridge,2.283526531486326,1.2703154535356198,-1.013211077950706
12,2019-07,SVR (RBF),1.9810163072650788,1.2703154535356198,-0.710700853729459
12,2019-07,Random forest,1.0749930920910868,1.2703154535356198,0.19532236144453297
12,2019-07,Gradient boosting,1.5255319771048144,1.2703154535356198,-0.25521652356919455
12,2019-09,Random walk (no change),0.0,1.6767022539838194,1.6767022539838194
12,2019-09,Drift (24m mean),2.635020406579454,1.6767022539838194,-0.9583181525956346
12,2019-09,"ARIMA(1,1,1)",-0.5648078513347059,1.6767022539838194,2.2415101053185253
12,2019-09,Ridge,3.0373582684637777,1.6767022539838194,-1.3606560144799582
12,2019-09,SVR (RBF),2.382774227605055,1.6767022539838194,-0.7060719736212357
12,2019-09,Random forest,1.2643697315747822,1.6767022539838194,0.4123325224090373
12,2019-09,Gradient boosting,1.4985294968328646,1.6767022539838194,0.17817275715095482
12,2019-11,Random walk (no change),0.0,2.3647975473326532,2.3647975473326532
12,2019-11,Drift (24m mean),2.352413479031623,2.3647975473326532,0.012384068301030116
12,2019-11,"ARIMA(1,1,1)",-0.1347027318733467,2.3647975473326532,2.499500279206
12,2019-11,Ridge,2.873301094079829,2.3647975473326532,-0.5085035467471757
12,2019-11,SVR (RBF),1.8108184128927556,2.3647975473326532,0.5539791344398977
12,2019-11,Random forest,1.8454339808119562,2.3647975473326532,0.519363566520697
12,2019-11,Gradient boosting,2.0130339512638415,2.3647975473326532,0.3517635960688117
12,2020-01,Random walk (no change),0.0,3.2754359843574665,3.2754359843574665
12,2020-01,Drift (24m mean),2.130646318736377,3.2754359843574665,1.1447896656210896
12,2020-01,"ARIMA(1,1,1)",0.5149344947060968,3.2754359843574665,2.7605014896513698
12,2020-01,Ridge,2.202256825901163,3.2754359843574665,1.0731791584563037
12,2020-01,SVR (RBF),1.6738344917358492,3.2754359843574665,1.6016014926216173
12,2020-01,Random forest,3.0180577034910554,3.2754359843574665,0.2573782808664111
12,2020-01,Gradient boosting,2.471044104085452,3.2754359843574665,0.8043918802720147
12,2020-03,Random walk (no change),0.0,5.258086775302484,5.258086775302484
12,2020-03,Drift (24m mean),1.9955681406404395,5.258086775302484,3.2625186346620447
12,2020-03,"ARIMA(1,1,1)",1.5945094979008445,5.258086775302484,3.6635772774016395
12,2020-03,Ridge,1.893457301497003,5.258086775302484,3.364629473805481
12,2020-03,SVR (RBF),1.804488596675243,5.258086775302484,3.453598178627241
12,2020-03,Random forest,0.7351257182792786,5.258086775302484,4.522961057023205
12,2020-03,Gradient boosting,0.8818607523847306,5.258086775302484,4.376226022917754
12,2020-05,Random walk (no change),0.0,8.844808394341186,8.844808394341186
12,2020-05,Drift (24m mean),2.1025769143126594,8.844808394341186,6.742231480028527
12,2020-05,"ARIMA(1,1,1)",0.42108972193221916,8.844808394341186,8.423718672408967
12,2020-05,Ridge,2.3904966629394817,8.844808394341186,6.454311731401704
12,2020-05,SVR (RBF),1.9118439071313014,8.844808394341186,6.932964487209885
12,2020-05,Random forest,1.8338944962896244,8.844808394341186,7.0109138980515615
12,2020-05,Gradient boosting,1.629083985882255,8.844808394341186,7.2157244084589305
12,2020-07,Random walk (no change),0.0,11.378362502810324,11.378362502810324
12,2020-07,Drift (24m mean),2.6006756755795073,11.378362502810324,8.777686827230816
12,2020-07,"ARIMA(1,1,1)",-0.28410467710602916,11.378362502810324,11.662467179916353
12,2020-07,Ridge,3.533375152637166,11.378362502810324,7.844987350173158
12,2020-07,SVR (RBF),2.5574097617115386,11.378362502810324,8.820952741098786
12,2020-07,Random forest,3.497467663400901,11.378362502810324,7.880894839409423
12,2020-07,Gradient boosting,3.2272034731542725,11.378362502810324,8.151159029656052
12,2020-09,Random walk (no change),0.0,14.096181393186624,14.096181393186624
12,2020-09,Drift (24m mean),3.370613242842154,14.096181393186624,10.72556815034447
12,2020-09,"ARIMA(1,1,1)",1.102462562923165,14.096181393186624,12.99371883026346
12,2020-09,Ridge,1.3671109123673788,14.096181393186624,12.729070480819246
12,2020-09,SVR (RBF),2.0886501257756422,14.096181393186624,12.007531267410982
12,2020-09,Random forest,2.5306224532211585,14.096181393186624,11.565558939965467
12,2020-09,Gradient boosting,3.1642928859169164,14.096181393186624,10.931888507269708
12,2020-11,Random walk (no change),0.0,15.809850922605717,15.809850922605717
12,2020-11,Drift (24m mean),4.39819276042065,15.809850922605717,11.411658162185066
12,2020-11,"ARIMA(1,1,1)",0.2996309670786559,15.809850922605717,15.510219955527061
12,2020-11,Ridge,3.0134106240940612,15.809850922605717,12.796440298511655
12,2020-11,SVR (RBF),2.6636268139704087,15.809850922605717,13.146224108635309
12,2020-11,Random forest,4.078596909969237,15.809850922605717,11.73125401263648
12,2020-11,Gradient boosting,5.417207896082845,15.809850922605717,10.392643026522872
12,2021-01,Random walk (no change),0.0,17.14075639471715,17.14075639471715
12,2021-01,Drift (24m mean),5.602207087721804,17.14075639471715,11.538549306995346
12,2021-01,"ARIMA(1,1,1)",1.4719983548553728,17.14075639471715,15.668758039861778
12,2021-01,Ridge,2.3542797921303626,17.14075639471715,14.786476602586788
12,2021-01,SVR (RBF),2.2939347906731524,17.14075639471715,14.846821604043999
12,2021-01,Random forest,2.7390545025617037,17.14075639471715,14.401701892155447
12,2021-01,Gradient boosting,1.9961448633386984,17.14075639471715,15.144611531378452
12,2021-03,Random walk (no change),0.0,17.76863246183744,17.76863246183744
12,2021-03,Drift (24m mean),6.913233264430059,17.76863246183744,10.855399197407383
12,2021-03,"ARIMA(1,1,1)",3.655864700943141,17.76863246183744,14.1127677608943
12,2021-03,Ridge,2.3136000307081277,17.76863246183744,15.455032431129315
12,2021-03,SVR (RBF),1.9175457827842175,17.76863246183744,15.851086679053225
12,2021-03,Random forest,2.4920879376912355,17.76863246183744,15.276544524146207
12,2021-03,Gradient boosting,2.3113665101476943,17.76863246183744,15.457265951689747
12,2021-05,Random walk (no change),0.0,17.062116988326892,17.062116988326892
12,2021-05,Drift (24m mean),8.293191990146935,17.062116988326892,8.768924998179957
12,2021-05,"ARIMA(1,1,1)",6.931103562205408,17.062116988326892,10.131013426121484
12,2021-05,Ridge,5.834144086028333,17.062116988326892,11.227972902298559
12,2021-05,SVR (RBF),1.852436978198239,17.062116988326892,15.209680010128652
12,2021-05,Random forest,5.564643731443112,17.062116988326892,11.49747325688378
12,2021-05,Gradient boosting,10.982115972216079,17.062116988326892,6.080001016110813
12,2021-07,Random walk (no change),0.0,15.445425400444623,15.445425400444623
12,2021-07,Drift (24m mean),9.662170589361446,15.445425400444623,5.783254811083177
12,2021-07,"ARIMA(1,1,1)",12.325428348715263,15.445425400444623,3.11999705172936
12,2021-07,Ridge,5.746435649988885,15.445425400444623,9.698989750455738
12,2021-07,SVR (RBF),2.0572799051038078,15.445425400444623,13.388145495340815
12,2021-07,Random forest,11.460895346851878,15.445425400444623,3.9845300535927457
12,2021-07,Gradient boosting,11.005477100401745,15.445425400444623,4.439948300042879
12,2021-09,Random walk (no change),0.0,12.625124770591967,12.625124770591967
12,2021-09,Drift (24m mean),10.843429751603866,12.625124770591967,1.781695018988101
12,2021-09,"ARIMA(1,1,1)",10.6130131419863,12.625124770591967,2.012111628605666
12,2021-09,Ridge,10.951557844389004,12.625124770591967,1.6735669262029624
12,2021-09,SVR (RBF),2.4978984357552134,12.625124770591967,10.127226334836752
12,2021-09,Random forest,13.306434351434195,12.625124770591967,-0.6813095808422283
12,2021-09,Gradient boosting,12.392767198605881,12.625124770591967,0.23235757198608553
12,2021-11,Random walk (no change),0.0,11.530456580290416,11.530456580290416
12,2021-11,Drift (24m mean),11.755798294654545,11.530456580290416,-0.22534171436412898
12,2021-11,"ARIMA(1,1,1)",11.792848332018593,11.530456580290416,-0.2623917517281775
12,2021-11,Ridge,9.536614699441822,11.530456580290416,1.9938418808485938
12,2021-11,SVR (RBF),3.2320853186863743,11.530456580290416,8.298371261604041
12,2021-11,Random forest,13.87038856186074,11.530456580290416,-2.3399319815703237
12,2021-11,Gradient boosting,12.972302758856841,11.530456580290416,-1.4418461785664256
12,2022-01,Random walk (no change),0.0,9.50886436576659,9.50886436576659
12,2022-01,Drift (24m mean),12.519603214067692,9.50886436576659,-3.010738848301102
12,2022-01,"ARIMA(1,1,1)",8.03417773491077,9.50886436576659,1.4746866308558193
12,2022-01,Ridge,7.901217938030012,9.50886436576659,1.6076464277365776
12,2022-01,SVR (RBF),2.7880799095352007,9.50886436576659,6.720784456231389
12,2022-01,Random forest,13.110273760930264,9.50886436576659,-3.6014093951636745
12,2022-01,Gradient boosting,12.254083916915748,9.50886436576659,-2.745219551149159
12,2022-03,Random walk (no change),0.0,7.58294233154988,7.58294233154988
12,2022-03,Drift (24m mean),13.039055579185119,7.58294233154988,-5.456113247635239
12,2022-03,"ARIMA(1,1,1)",12.303918920246701,7.58294233154988,-4.720976588696821
12,2022-03,Ridge,12.276708942637903,7.58294233154988,-4.693766611088023
12,2022-03,SVR (RBF),3.8232385956197437,7.58294233154988,3.7597037359301364
12,2022-03,Random forest,11.585018859460668,7.58294233154988,-4.002076527910788
12,2022-03,Gradient boosting,11.676380599673461,7.58294233154988,-4.093438268123581
12,2022-05,Random walk (no change),0.0,5.393052203053772,5.393052203053772
12,2022-05,Drift (24m mean),13.232793542205734,5.393052203053772,-7.839741339151962
12,2022-05,"ARIMA(1,1,1)",13.241004282354936,5.393052203053772,-7.847952079301164
12,2022-05,Ridge,9.743335834822275,5.393052203053772,-4.350283631768503
12,2022-05,SVR (RBF),4.502479105372665,5.393052203053772,0.8905730976811066
12,2022-05,Random forest,9.860239787463271,5.393052203053772,-4.4671875844094995
12,2022-05,Gradient boosting,8.69570277121817,5.393052203053772,-3.302650568164397
12,2022-07,Random walk (no change),0.0,6.478171941512345,6.478171941512345
12,2022-07,Drift (24m mean),12.945147192931785,6.478171941512345,-6.46697525141944
12,2022-07,"ARIMA(1,1,1)",10.654976893075627,6.478171941512345,-4.176804951563282
12,2022-07,Ridge,7.876290203872708,6.478171941512345,-1.398118262360363
12,2022-07,SVR (RBF),4.4296915429681345,6.478171941512345,2.0484803985442106
12,2022-07,Random forest,4.33393766257277,6.478171941512345,2.1442342789395754
12,2022-07,Gradient boosting,3.251178731547574,6.478171941512345,3.226993209964771
12,2022-09,Random walk (no change),0.0,6.046655081668018,6.046655081668018
12,2022-09,Drift (24m mean),12.536797979490286,6.046655081668018,-6.490142897822269
12,2022-09,"ARIMA(1,1,1)",6.149491315505543,6.046655081668018,-0.10283623383752527
12,2022-09,Ridge,8.215820833958405,6.046655081668018,-2.1691657522903878
12,2022-09,SVR (RBF),4.548199012376839,6.046655081668018,1.4984560692911781
12,2022-09,Random forest,2.333837215763119,6.046655081668018,3.7128178659048987
12,2022-09,Gradient boosting,3.1969960909726995,6.046655081668018,2.849658990695318
12,2022-11,Random walk (no change),0.0,5.370443922869894,5.370443922869894
12,2022-11,Drift (24m mean),11.866004120197067,5.370443922869894,-6.495560197327173
12,2022-11,"ARIMA(1,1,1)",-0.2472892342676687,5.370443922869894,5.617733157137563
12,2022-11,Ridge,11.559683048868388,5.370443922869894,-6.189239125998494
12,2022-11,SVR (RBF),4.780865769792133,5.370443922869894,0.5895781530777615
12,2022-11,Random forest,5.0563580174673195,5.370443922869894,0.31408590540257464
12,2022-11,Gradient boosting,4.568245884818804,5.370443922869894,0.80219803805109
12,2023-01,Random walk (no change),0.0,5.119326936122581,5.119326936122581
12,2023-01,Drift (24m mean),10.996053536885748,5.119326936122581,-5.876726600763167
12,2023-01,"ARIMA(1,1,1)",4.212147574266794,5.119326936122581,0.9071793618557873
12,2023-01,Ridge,5.8073549523762145,5.119326936122581,-0.6880280162536332
12,2023-01,SVR (RBF),4.541439984055114,5.119326936122581,0.577886952067467
12,2023-01,Random forest,5.139719284806677,5.119326936122581,-0.020392348684096007
12,2023-01,Gradient boosting,4.417417402484014,5.119326936122581,0.7019095336385677
12,2023-03,Random walk (no change),0.0,3.955255621088627,3.955255621088627
12,2023-03,Drift (24m mean),9.994267748669534,3.955255621088627,-6.039012127580907
12,2023-03,"ARIMA(1,1,1)",3.848088675034262,3.955255621088627,0.10716694605436494
12,2023-03,Ridge,5.169093124137406,3.955255621088627,-1.2138375030487794
12,2023-03,SVR (RBF),4.582158855008908,3.955255621088627,-0.6269032339202809
12,2023-03,Random forest,5.051722284758569,3.955255621088627,-1.0964666636699425
12,2023-03,Gradient boosting,4.871360009859076,3.955255621088627,-0.9161043887704494
12,2023-05,Random walk (no change),0.0,4.102567995553352,4.102567995553352
12,2023-05,Drift (24m mean),8.843153011940467,4.102567995553352,-4.740585016387115
12,2023-05,"ARIMA(1,1,1)",4.078378493121761,4.102567995553352,0.024189502431591237
12,2023-05,Ridge,3.5775770309813724,4.102567995553352,0.5249909645719799
12,2023-05,SVR (RBF),3.381744171862773,4.102567995553352,0.7208238236905791
12,2023-05,Random forest,5.3451005688114055,4.102567995553352,-1.2425325732580532
12,2023-05,Gradient boosting,5.677245113053434,4.102567995553352,-1.574677117500082
12,2023-07,Random walk (no change),0.0,1.999105081026542,1.999105081026542
12,2023-07,Drift (24m mean),7.763190595876005,1.999105081026542,-5.764085514849463
12,2023-07,"ARIMA(1,1,1)",1.2141685108479692,1.999105081026542,0.7849365701785729
12,2023-07,Ridge,7.900451360568164,1.999105081026542,-5.901346279541622
12,2023-07,SVR (RBF),4.401475069250289,1.999105081026542,-2.4023699882237466
12,2023-07,Random forest,7.610970774570485,1.999105081026542,-5.611865693543943
12,2023-07,Gradient boosting,9.082053988751127,1.999105081026542,-7.082948907724585
12,2023-09,Random walk (no change),0.0,2.1751882526661603,2.1751882526661603
12,2023-09,Drift (24m mean),6.642663902591164,2.1751882526661603,-4.467475649925004
12,2023-09,"ARIMA(1,1,1)",7.766557065061477,2.1751882526661603,-5.5913688123953165
12,2023-09,Ridge,4.4051657997976825,2.1751882526661603,-2.229977547131522
12,2023-09,SVR (RBF),3.250499063553521,2.1751882526661603,-1.0753108108873608
12,2023-09,Random forest,3.287925226539252,2.1751882526661603,-1.1127369738730915
12,2023-09,Gradient boosting,2.3202782094950125,2.1751882526661603,-0.14508995682885217
12,2023-11,Random walk (no change),0.0,1.6119817681532922,1.6119817681532922
12,2023-11,Drift (24m mean),5.771835859430682,1.6119817681532922,-4.159854091277389
12,2023-11,"ARIMA(1,1,1)",2.237231237405183,1.6119817681532922,-0.6252494692518908
12,2023-11,Ridge,3.3113159056175165,1.6119817681532922,-1.6993341374642243
12,2023-11,SVR (RBF),2.8113140131465832,1.6119817681532922,-1.199332244993291
12,2023-11,Random forest,4.086258717580621,1.6119817681532922,-2.4742769494273285
12,2023-11,Gradient boosting,5.203169885254826,1.6119817681532922,-3.5911881171015336
12,2024-01,Random walk (no change),0.0,1.51432745633997,1.51432745633997
12,2024-01,Drift (24m mean),4.945296291752587,1.51432745633997,-3.4309688354126173
12,2024-01,"ARIMA(1,1,1)",2.0095929225703912,1.51432745633997,-0.4952654662304212
12,2024-01,Ridge,2.0604580045054526,1.51432745633997,-0.5461305481654826
12,2024-01,SVR (RBF),3.175746877884986,1.51432745633997,-1.6614194215450162
12,2024-01,Random forest,3.3225378233615004,1.51432745633997,-1.8082103670215304
12,2024-01,Gradient boosting,2.6636040323570986,1.51432745633997,-1.1492765760171286
12,2024-03,Random walk (no change),0.0,3.3518597063197486,3.3518597063197486
12,2024-03,Drift (24m mean),4.279084882633703,3.3518597063197486,-0.9272251763139545
12,2024-03,"ARIMA(1,1,1)",1.565716489426336,3.3518597063197486,1.7861432168934126
12,2024-03,Ridge,2.2602566774314896,3.3518597063197486,1.091603028888259
12,2024-03,SVR (RBF),2.048356449521692,3.3518597063197486,1.3035032567980567
12,2024-03,Random forest,3.540836567591949,3.3518597063197486,-0.18897686127220048
12,2024-03,Gradient boosting,3.47782838004834,3.3518597063197486,-0.12596867372859144
12,2024-05,Random walk (no change),0.0,6.328922392496672,6.328922392496672
12,2024-05,Drift (24m mean),3.9264946638645255,6.328922392496672,2.4024277286321465
12,2024-05,"ARIMA(1,1,1)",0.8552306331450836,6.328922392496672,5.473691759351588
12,2024-05,Ridge,3.437127735111871,6.328922392496672,2.891794657384801
12,2024-05,SVR (RBF),2.8812373241306535,6.328922392496672,3.4476850683660185
12,2024-05,Random forest,3.4740012327871277,6.328922392496672,2.8549211597095443
12,2024-05,Gradient boosting,4.20641446464974,6.328922392496672,2.1225079278469323
12,2024-07,Random walk (no change),0.0,8.49679277234916,8.49679277234916
12,2024-07,Drift (24m mean),4.0044838463181,8.49679277234916,4.49230892603106
12,2024-07,"ARIMA(1,1,1)",1.4282338881455416,8.49679277234916,7.068558884203618
12,2024-07,Ridge,6.1125103878763944,8.49679277234916,2.3842823844727654
12,2024-07,SVR (RBF),3.0504887081266703,8.49679277234916,5.44630406422249
12,2024-07,Random forest,4.394912305486466,8.49679277234916,4.101880466862694
12,2024-07,Gradient boosting,4.47530399908681,8.49679277234916,4.02148877326235
